category_id	category_title	category_description	lesson_id	lesson_title	lesson_description	question_id	question_type	prompt	option_a	option_b	option_c	option_d	option_e	option_f	option_g	option_h	answer	accepted_answers	explanation						
communication	コミュニケーション英語 / Communication English	Practice Communication English lessons and units.	ec1-1	英コミュ1.1 / P.10-11 Review	Practice vocabulary, reading comprehension, and expressions for the exam.	ec1-1-q01	multiple-choice	本文の中心内容として最も合うものを選びなさい。	アニメの作り方について説明している。	アニメに関係する場所を訪れるファンについて説明している。	日本の高校生活の問題について説明している。	世界中の映画館について説明している。					アニメに関係する場所を訪れるファンについて説明している。	アニメに関係する場所を訪れるファンについて説明している。	本文は anime pilgrimage と、物語に関係する場所を訪れるファンについて説明しています。						
communication	コミュニケーション英語 / Communication English	Practice Communication English lessons and units.	ec1-1	英コミュ1.1 / P.10-11 Review	Practice vocabulary, reading comprehension, and expressions for the exam.	ec1-1-q02	multiple-choice	本文の内容に合うものを選びなさい: Lucky Star は最初どこで発表されましたか。	漫画の単行本で	コミックブックで	小説で	雑誌で	新聞で	テレビ番組で	映画館で	ウェブサイトで	雑誌で	雑誌で	Lucky Star は最初、雑誌で発表されました。						
communication	コミュニケーション英語 / Communication English	Practice Communication English lessons and units.	ec1-1	英コミュ1.1 / P.10-11 Review	Practice vocabulary, reading comprehension, and expressions for the exam.	ec1-1-q03	multiple-choice	pilgrimage の実際の例として最も合うものを選びなさい。	修学旅行	東京タワー見学	富士山登山	四国八十八ヶ所巡り	渋谷スクランブル交差点の観光	遊園地への遠足	デパートでの買い物	映画館での映画鑑賞	四国八十八ヶ所巡り	四国八十八ヶ所巡り	四国八十八ヶ所巡りは、宗教的な場所をめぐる pilgrimage の例です。						
communication	コミュニケーション英語 / Communication English	Practice Communication English lessons and units.	ec1-1	英コミュ1.1 / P.10-11 Review	Practice vocabulary, reading comprehension, and expressions for the exam.	ec1-1-q04	multiple-choice	When was the TV anime version of Lucky Star broadcast?	2003年	2006年	2007年	2011年					2007年	2007年	Lucky Star のテレビアニメは2007年に放送されました。						
communication	コミュニケーション英語 / Communication English	Practice Communication English lessons and units.	ec1-1	英コミュ1.1 / P.10-11 Review	Practice vocabulary, reading comprehension, and expressions for the exam.	ec1-1-q05	multiple-choice	本文の内容に合うものを選びなさい: The Melancholy of Haruhi Suzumiya について本文が述べていることはどれですか。	2006年に人気のテレビアニメだった。	Lucky Star の続編として作られた。	2003年に初めて雑誌に出た。	神社を舞台にした短い映画だった。					2006年に人気のテレビアニメだった。	2006年に人気のテレビアニメだった。	本文では、2006年の人気テレビアニメの一つとして説明されています。						
communication	コミュニケーション英語 / Communication English	Practice Communication English lessons and units.	ec1-1	英コミュ1.1 / P.10-11 Review	Practice vocabulary, reading comprehension, and expressions for the exam.	ec1-1-q06	multiple-choice	本文の内容に合うものを選びなさい: ファンはどのような場所を訪れることがありますか。	物語の舞台になった場所	アニメを作る工場だけ	テレビ局の中だけ	海外の有名な空港だけ					物語の舞台になった場所	物語の舞台になった場所	anime pilgrimage では、ファンが物語の舞台になった場所を訪れます。						
communication	コミュニケーション英語 / Communication English	Practice Communication English lessons and units.	ec1-1	英コミュ1.1 / P.10-11 Review	Practice vocabulary, reading comprehension, and expressions for the exam.	ec1-1-q07	multiple-choice	下線部の意味として最も近いものを選びなさい: broadcast	放送された	出版された	翻訳された	撮影された	販売された	案内された			放送された	放送された	broadcast は 放送する、放送された という意味です。						
communication	コミュニケーション英語 / Communication English	Practice Communication English lessons and units.	ec1-1	英コミュ1.1 / P.10-11 Review	Practice vocabulary, reading comprehension, and expressions for the exam.	ec1-1-q08	multiple-choice	下線部の意味として最も近いものを選びなさい: is based on	～に基づいている	～を探している	～を禁止している	～を放送している	～を旅行している	～を比較している			～に基づいている	～に基づいている	be based on は ～に基づいている という意味です。						
communication	コミュニケーション英語 / Communication English	Practice Communication English lessons and units.	ec1-1	英コミュ1.1 / P.10-11 Review	Practice vocabulary, reading comprehension, and expressions for the exam.	ec1-1-q09	multiple-choice	説明に合う英単語を選びなさい: 宗教的・文化的に大切な場所へ旅をする人。	pilgrim	broadcast	magazine	character	location	shrine	tourist	series	pilgrim	pilgrim	pilgrim は 巡礼者 という意味です。						
communication	コミュニケーション英語 / Communication English	Practice Communication English lessons and units.	ec1-1	英コミュ1.1 / P.10-11 Review	Practice vocabulary, reading comprehension, and expressions for the exam.	ec1-1-q10	multiple-choice	日本語に合う英文を選びなさい: 多くのファンが物語に関係する場所を訪れます。	Many fans visit places connected to the story.	Many fans write the story in a magazine.	Many fans broadcast the anime on TV.	Many fans stop watching the story.	Many fans sell photos of the story.	Many fans change the story into a novel.			Many fans visit places connected to the story.	Many fans visit places connected to the story.	visit places connected to the story は 物語に関係する場所を訪れる という意味です。						
communication	コミュニケーション英語 / Communication English	Practice Communication English lessons and units.	ec1-1	英コミュ1.1 / P.10-11 Review	Practice vocabulary, reading comprehension, and expressions for the exam.	ec1-1-q11	fill-in-the-blank	空所に最も合う語を入れなさい: This anime is _____ on a popular comic. ～に基づいている									based	based	be based on は ～に基づいている という意味です。						
communication	コミュニケーション英語 / Communication English	Practice Communication English lessons and units.	ec1-1	英コミュ1.1 / P.10-11 Review	Practice vocabulary, reading comprehension, and expressions for the exam.	ec1-1-q12	fill-in-the-blank	空所に最も合う語を入れなさい: The show was _____ on TV in 2007. 放送された									broadcast	broadcast;broadcasted	broadcast は過去形・過去分詞でも broadcast の形で使えます。						
communication	コミュニケーション英語 / Communication English	Practice Communication English lessons and units.	ec1-1	英コミュ1.1 / P.10-11 Review	Practice vocabulary, reading comprehension, and expressions for the exam.	ec1-1-q13	fill-in-the-blank	空所に最も合う語を入れなさい: Some fans travel to the _____ where their favorite stories are set. 場所									locations	locations;location;site;sites	location と site はどちらも 場所 を表せます。						
communication	コミュニケーション英語 / Communication English	Practice Communication English lessons and units.	ec1-1	英コミュ1.1 / P.10-11 Review	Practice vocabulary, reading comprehension, and expressions for the exam.	ec1-1-q14	true-false	本文の内容と合っていれば TRUE、違っていれば FALSE を選びなさい: Lucky Star first appeared as a TV anime in 2003.									FALSE		Lucky Star は2003年に雑誌で発表され、テレビアニメはその後です。						
communication	コミュニケーション英語 / Communication English	Practice Communication English lessons and units.	ec1-1	英コミュ1.1 / P.10-11 Review	Practice vocabulary, reading comprehension, and expressions for the exam.	ec1-1-q15	true-false	本文の内容と合っていれば TRUE、違っていれば FALSE を選びなさい: Anime pilgrimage sites can attract fans from Japan and other countries.									TRUE		anime pilgrimage の場所は、日本や海外のファンを引きつけることがあります。						
communication	コミュニケーション英語 / Communication English	Practice Communication English lessons and units.	ec1-2	英コミュ1.2 / P.12-13 Review	Practice vocabulary, reading comprehension, and expressions for the exam.	ec1-2-q01	multiple-choice	本文の中心内容として最も合うものを選びなさい。	Lucky Star の登場人物の性格について説明している。	Washinomiya Shrine が anime pilgrimage の有名な例になったことを説明している。	Saitama のすべての神社の歴史を説明している。	日本の新年行事がだんだんなくなっていることを説明している。	アニメ制作会社の利益について説明している。	ファンがテレビ番組を作った方法を説明している。			Washinomiya Shrine が anime pilgrimage の有名な例になったことを説明している。	Washinomiya Shrine が anime pilgrimage の有名な例になったことを説明している。	Part 2 は Washinomiya Shrine が anime pilgrimage の有名な場所になったことを説明しています。						
communication	コミュニケーション英語 / Communication English	Practice Communication English lessons and units.	ec1-2	英コミュ1.2 / P.12-13 Review	Practice vocabulary, reading comprehension, and expressions for the exam.	ec1-2-q02	multiple-choice	本文の内容に合うものを選びなさい: Washinomiya Shrine はどこにありますか。	Saitama	Tokyo	Kyoto	Osaka	Hokkaido	Okinawa	Shikoku	Nagano	Saitama	Saitama	Washinomiya Shrine は Saitama にある神社です。						
communication	コミュニケーション英語 / Communication English	Practice Communication English lessons and units.	ec1-2	英コミュ1.2 / P.12-13 Review	Practice vocabulary, reading comprehension, and expressions for the exam.	ec1-2-q03	multiple-choice	本文の内容に合うものを選びなさい: ファンが Washinomiya Shrine を訪れ始めた理由として最も合うものはどれですか。	Lucky Star に出てくる神社が Washinomiya Shrine をモデルにしていたから。	Washinomiya Shrine がアニメ制作会社だったから。	Lucky Star の作者が神社で毎日サイン会をしたから。	Washinomiya Shrine がすべてのアニメの舞台だったから。	ファンは神社に行かないとアニメを見られなかったから。	その神社がテレビ放送を禁止したから。			Lucky Star に出てくる神社が Washinomiya Shrine をモデルにしていたから。	Lucky Star に出てくる神社が Washinomiya Shrine をモデルにしていたから。	アニメの中の神社が Washinomiya Shrine をモデルにしていたため、ファンが訪れ始めました。						
communication	コミュニケーション英語 / Communication English	Practice Communication English lessons and units.	ec1-2	英コミュ1.2 / P.12-13 Review	Practice vocabulary, reading comprehension, and expressions for the exam.	ec1-2-q04	multiple-choice	下線部の意味として最も近いものを選びなさい: was modeled on Washinomiya Shrine	Washinomiya Shrine をモデルにして作られた	Washinomiya Shrine によって禁止された	Washinomiya Shrine から遠く離れていた	Washinomiya Shrine を完全に忘れていた	Washinomiya Shrine を別の国に移した	Washinomiya Shrine の名前を変えた			Washinomiya Shrine をモデルにして作られた	Washinomiya Shrine をモデルにして作られた	be modeled on は ～をモデルにしている という意味です。						
communication	コミュニケーション英語 / Communication English	Practice Communication English lessons and units.	ec1-2	英コミュ1.2 / P.12-13 Review	Practice vocabulary, reading comprehension, and expressions for the exam.	ec1-2-q05	multiple-choice	下線部の意味として最も近いものを選びなさい: the connection came to be known quite widely	そのつながりがかなり広く知られるようになった	そのつながりが完全に消えてしまった	そのつながりが一人だけに知られていた	そのつながりが間違いだと証明された	そのつながりが海外で禁止された	そのつながりが雑誌から削除された			そのつながりがかなり広く知られるようになった	そのつながりがかなり広く知られるようになった	widely は 広く、come to be known は 知られるようになる という意味です。						
communication	コミュニケーション英語 / Communication English	Practice Communication English lessons and units.	ec1-2	英コミュ1.2 / P.12-13 Review	Practice vocabulary, reading comprehension, and expressions for the exam.	ec1-2-q06	multiple-choice	How many New Year’s visitors came to Washinomiya Shrine in 2007?	約13,000人	約130,000人	約300,000人	約470,000人	約1,300,000人	約3,100,000人			約130,000人	約130,000人	2007年の New Year’s visitors は約13万人でした。						
communication	コミュニケーション英語 / Communication English	Practice Communication English lessons and units.	ec1-2	英コミュ1.2 / P.12-13 Review	Practice vocabulary, reading comprehension, and expressions for the exam.	ec1-2-q07	multiple-choice	How many New Year’s visitors came to Washinomiya Shrine the next year?	約47,000人	約130,000人	約300,000人	約470,000人	約1,000,000人	約3,100,000人			約300,000人	約300,000人	翌年には約30万人に増えました。						
communication	コミュニケーション英語 / Communication English	Practice Communication English lessons and units.	ec1-2	英コミュ1.2 / P.12-13 Review	Practice vocabulary, reading comprehension, and expressions for the exam.	ec1-2-q08	multiple-choice	本文の内容に合うものを選びなさい: 2011年の New Year’s visitors は約何人でしたか。	約130,000人	約200,000人	約300,000人	約470,000人	約700,000人	約3,100,000人			約470,000人	約470,000人	2011年には約47万人に達しました。						
communication	コミュニケーション英語 / Communication English	Practice Communication English lessons and units.	ec1-2	英コミュ1.2 / P.12-13 Review	Practice vocabulary, reading comprehension, and expressions for the exam.	ec1-2-q09	multiple-choice	出来事の順番として最も自然なものを選びなさい。	ファンが気づく → アニメの中の神社がモデルにされる → 訪問者が増える → 経済効果が出る	アニメの中の神社がモデルにされる → ファンが気づく → つながりが広く知られる → 訪問者が増える	経済効果が出る → ファンが気づく → アニメが作られる → 訪問者が減る	訪問者が増える → 神社がなくなる → ファンが気づく → 雑誌で発表される	神社が海外に移る → ファンが気づく → 訪問者が増える → アニメが放送される				アニメの中の神社がモデルにされる → ファンが気づく → つながりが広く知られる → 訪問者が増える	アニメの中の神社がモデルにされる → ファンが気づく → つながりが広く知られる → 訪問者が増える	モデルにされたことにファンが気づき、そのつながりが広まり、訪問者が増えました。						
communication	コミュニケーション英語 / Communication English	Practice Communication English lessons and units.	ec1-2	英コミュ1.2 / P.12-13 Review	Practice vocabulary, reading comprehension, and expressions for the exam.	ec1-2-q10	multiple-choice	Why did the number of visitors to Washinomiya Shrine increase so much?	The shrine’s connection to an anime became famous, so many fans visited it.	The shrine gave free anime goods to every visitor.	The population of Saitama suddenly became much larger.	New Year’s visits were banned in other parts of Japan.	Lucky Star ended in 2007, so fans stopped visiting the shrine.	The shrine became a movie theater.			The shrine’s connection to an anime became famous, so many fans visited it.	The shrine’s connection to an anime became famous, so many fans visited it.	アニメとのつながりが広く知られ、多くのファンが神社を訪れたことが理由として合います。						
communication	コミュニケーション英語 / Communication English	Practice Communication English lessons and units.	ec1-2	英コミュ1.2 / P.12-13 Review	Practice vocabulary, reading comprehension, and expressions for the exam.	ec1-2-q11	multiple-choice	下線部の意味として最も近いものを選びなさい: many more fans rushed there	さらに多くのファンがそこに殺到した	さらに多くのファンがそこを避けた	さらに多くのファンがそこで眠った	さらに多くのファンがそこを売った	さらに多くのファンがそこを描いた	さらに多くのファンがそこを閉めた			さらに多くのファンがそこに殺到した	さらに多くのファンがそこに殺到した	rush there は そこへ急いで行く、そこへ殺到する という意味です。						
communication	コミュニケーション英語 / Communication English	Practice Communication English lessons and units.	ec1-2	英コミュ1.2 / P.12-13 Review	Practice vocabulary, reading comprehension, and expressions for the exam.	ec1-2-q12	fill-in-the-blank	空所に最も合う語を入れなさい: The anime shrine was _____ on a real shrine in Saitama. ～をモデルにしていた									modeled	modeled;modelled;based	be modeled on と be based on はどちらも ～をもとにしている という意味で使えます。						
communication	コミュニケーション英語 / Communication English	Practice Communication English lessons and units.	ec1-2	英コミュ1.2 / P.12-13 Review	Practice vocabulary, reading comprehension, and expressions for the exam.	ec1-2-q13	fill-in-the-blank	空所に最も合う語を入れなさい: The number of visitors _____ to about 300,000 the next year. 急増して～になった									jumped	jumped	jump to は 急増して～になる という意味で使えます。						
communication	コミュニケーション英語 / Communication English	Practice Communication English lessons and units.	ec1-2	英コミュ1.2 / P.12-13 Review	Practice vocabulary, reading comprehension, and expressions for the exam.	ec1-2-q14	fill-in-the-blank	空所に最も合う語を入れなさい: According to _____, the number of visitors increased. 統計によれば									statistics	statistics	according to statistics は 統計によれば という意味です。						
communication	コミュニケーション英語 / Communication English	Practice Communication English lessons and units.	ec1-2	英コミュ1.2 / P.12-13 Review	Practice vocabulary, reading comprehension, and expressions for the exam.	ec1-2-q15	true-false	本文の内容と合っていれば TRUE、違っていれば FALSE を選びなさい: The pilgrimages helped the local economy.									TRUE		pilgrimages は地域経済に約31億円をもたらしたと推定されています。						
communication	コミュニケーション英語 / Communication English	Practice Communication English lessons and units.	ec1-2	英コミュ1.2 / P.12-13 Review	Practice vocabulary, reading comprehension, and expressions for the exam.	ec1-2-q16	multiple-choice	local economy の意味として最も近いものを選びなさい。	地元のお店・仕事・お金の動き	地元の天気や気温	地元の有名なアニメキャラクター	地元の神社の建物だけ	全国の政治制度	海外旅行の計画	テレビ番組の放送時間	漫画雑誌のページ数	地元のお店・仕事・お金の動き	地元のお店・仕事・お金の動き	local economy は 地域経済、つまり地元のお金や仕事の動きのことです。						
communication	コミュニケーション英語 / Communication English	Practice Communication English lessons and units.	ec1-2	英コミュ1.2 / P.12-13 Review	Practice vocabulary, reading comprehension, and expressions for the exam.	ec1-2-q17	multiple-choice	connections の意味として合わないものを選びなさい。	人や物のつながり	人間関係	関連・関係性	知り合い・コネ	電車や飛行機の乗り継ぎ	ケーブルなどの接続	物語の舞台になっている場所	物事がどう関係しているか	物語の舞台になっている場所	物語の舞台になっている場所	connections は つながり・関係・接続・乗り継ぎ などを表しますが、場所そのものという意味ではありません。						
communication	コミュニケーション英語 / Communication English	Practice Communication English lessons and units.	ec1-2	英コミュ1.2 / P.12-13 Review	Practice vocabulary, reading comprehension, and expressions for the exam.	ec1-2-q18	multiple-choice	Which number means one billion?	1,000	10,000	100,000	1,000,000	10,000,000	100,000,000	1,000,000,000	3,100,000,000	1,000,000,000	1,000,000,000	one billion は 1,000,000,000、つまり10億です。						
communication	コミュニケーション英語 / Communication English	Practice Communication English lessons and units.	ec1-3	英コミュ1.3 / P.14-15 Review	Practice vocabulary, reading comprehension, and expressions for the exam.	ec1-3-q01	multiple-choice	本文の中心内容として最も合うものを選びなさい。	Anime pilgrimage sites no longer attract fans.	Anime pilgrimage brings events and souvenirs, but it can also cause problems for local people.	Washinomiya Shrine stopped selling character goods.	Local residents always dislike all anime fans.	Anime fans only visit sites to study Japanese history.	Anime events are held only in Tokyo.			Anime pilgrimage brings events and souvenirs, but it can also cause problems for local people.	Anime pilgrimage brings events and souvenirs, but it can also cause problems for local people.	Part 3 は anime pilgrimage の良い面と問題点の両方を説明しています。						
communication	コミュニケーション英語 / Communication English	Practice Communication English lessons and units.	ec1-3	英コミュ1.3 / P.14-15 Review	Practice vocabulary, reading comprehension, and expressions for the exam.	ec1-3-q02	multiple-choice	本文の内容に合うものを選びなさい: 地域が anime pilgrimage を活用している例として最も合うものはどれですか。	アニメに関係するイベントを開き、character goods などのおみやげを売っている。	すべてのファンに地域のお店へ行かないように言っている。	住宅地をすべて公式の写真スタジオに変えている。	地域の習慣をすべてアニメのルールに変えている。	制限区域をすべて自由に入れる場所にしている。	地元の人と訪問者の交流を禁止している。	神社を大都市へ移動させている。	アニメに関係する商品をすべて売るのをやめている。	アニメに関係するイベントを開き、character goods などのおみやげを売っている。	アニメに関係するイベントを開き、character goods などのおみやげを売っている。	本文ではイベントや souvenirs など、地域で anime pilgrimage を活用する例が説明されています。						
communication	コミュニケーション英語 / Communication English	Practice Communication English lessons and units.	ec1-3	英コミュ1.3 / P.14-15 Review	Practice vocabulary, reading comprehension, and expressions for the exam.	ec1-3-q03	multiple-choice	本文の内容に合うものを選びなさい: 多くのファンが anime pilgrimage sites を訪れる目的として合うものはどれですか。	おみやげを買うため。	写真を撮るため。	地域のすべてのルールを変えるため。	アニメの放送を止めるため。	制限区域を増やすため。	地元の人にわざと迷惑をかけるため。	神社や町を自分のものにするため。	テレビ局を建てるため。	おみやげを買うため。	おみやげを買うため。;写真を撮るため。	多くのファンは souvenirs を買ったり、photos を撮ったりするために訪れます。						
communication	コミュニケーション英語 / Communication English	Practice Communication English lessons and units.	ec1-3	英コミュ1.3 / P.14-15 Review	Practice vocabulary, reading comprehension, and expressions for the exam.	ec1-3-q04	multiple-choice	本文の内容に合うものを選びなさい: 一部のファンの行動が local residents に迷惑をかけることがあるのはなぜですか。	住宅地で騒がしくしたり、許可なく入ってはいけない場所に入ったりすることがあるから。	地元の人に必ずあいさつをするから。	公式イベントだけに参加するから。	おみやげを買ったあとすぐ帰るから。	写真を一枚も撮らないから。	地域の習慣をよく調べてから訪れるから。	地元の人と静かに交流しようとするから。	神社のルールを守るから。	住宅地で騒がしくしたり、許可なく入ってはいけない場所に入ったりすることがあるから。	住宅地で騒がしくしたり、許可なく入ってはいけない場所に入ったりすることがあるから。	一部のファンの行動が、地元の人々の生活に迷惑をかけることがあります。						
communication	コミュニケーション英語 / Communication English	Practice Communication English lessons and units.	ec1-3	英コミュ1.3 / P.14-15 Review	Practice vocabulary, reading comprehension, and expressions for the exam.	ec1-3-q05	multiple-choice	下線部の意味として最も近いものを選びなさい: a variety of souvenirs	さまざまなおみやげ	一つだけのおみやげ	とても高い入場料	地元の住民全員	アニメとは関係ない規則	撮影禁止の場所	静かな住宅地	古いテレビ番組	さまざまなおみやげ	さまざまなおみやげ	a variety of は さまざまな、いろいろな という意味です。						
communication	コミュニケーション英語 / Communication English	Practice Communication English lessons and units.	ec1-3	英コミュ1.3 / P.14-15 Review	Practice vocabulary, reading comprehension, and expressions for the exam.	ec1-3-q06	multiple-choice	下線部の意味として最も近いものを選びなさい: including character goods	キャラクター商品を含む	キャラクター商品を禁止する	キャラクター商品だけを返す	キャラクター商品を忘れる	キャラクター商品を隠す	キャラクター商品を撮影する			キャラクター商品を含む	キャラクター商品を含む	including は ～を含む という意味です。						
communication	コミュニケーション英語 / Communication English	Practice Communication English lessons and units.	ec1-3	英コミュ1.3 / P.14-15 Review	Practice vocabulary, reading comprehension, and expressions for the exam.	ec1-3-q07	multiple-choice	student にとって restricted area の実際の例として最も合うものを選びなさい。	コンビニの店員だけが入るバックヤード	交番の受付スペース	学校の廊下	図書館の読書スペース	駅の改札前の広場	先生に呼ばれて入る校長室	昼休みの教室	公園のベンチ	コンビニの店員だけが入るバックヤード	コンビニの店員だけが入るバックヤード	restricted area は、関係者以外が自由に入れない制限された場所です。						
communication	コミュニケーション英語 / Communication English	Practice Communication English lessons and units.	ec1-3	英コミュ1.3 / P.14-15 Review	Practice vocabulary, reading comprehension, and expressions for the exam.	ec1-3-q08	multiple-choice	without permission の意味として最も近いものを選びなさい。	許可を得ずに	許可をもらった後で	きまりを確認してから	係員の案内で	予約したうえで	静かに注意して	地元の人と一緒に	写真を撮らずに	許可を得ずに	許可を得ずに	without permission は 許可なく、許可を得ずに という意味です。						
communication	コミュニケーション英語 / Communication English	Practice Communication English lessons and units.	ec1-3	英コミュ1.3 / P.14-15 Review	Practice vocabulary, reading comprehension, and expressions for the exam.	ec1-3-q09	multiple-choice	in search of better photo spots の意味として最も近いものを選びなさい。	よりよい写真スポットを探して	写真を全部削除するために	写真を撮られないように	おみやげを売るために	地元の規則を作るために	イベントを中止するために	住民の家を買うために	アニメを放送するために	よりよい写真スポットを探して	よりよい写真スポットを探して	in search of は ～を探して、～を求めて という意味です。						
communication	コミュニケーション英語 / Communication English	Practice Communication English lessons and units.	ec1-3	英コミュ1.3 / P.14-15 Review	Practice vocabulary, reading comprehension, and expressions for the exam.	ec1-3-q10	multiple-choice	本文の内容に合うものを選びなさい: 一部のファンのどのような行動が問題になりますか。	許可なく制限区域に入ったり、住宅地でうるさくしたりすること。	地元の人と丁寧に話そうとすること。	おみやげを買ってすぐに帰ること。	公式イベントだけに参加すること。	地元の生活習慣を尊重すること。	神社のルールを守ること。			許可なく制限区域に入ったり、住宅地でうるさくしたりすること。	許可なく制限区域に入ったり、住宅地でうるさくしたりすること。	無断で restricted areas に入ることや、local neighborhoods で騒がしくすることが問題です。						
communication	コミュニケーション英語 / Communication English	Practice Communication English lessons and units.	ec1-3	英コミュ1.3 / P.14-15 Review	Practice vocabulary, reading comprehension, and expressions for the exam.	ec1-3-q11	multiple-choice	annoy の意味として最も近いものを選びなさい。	困らせる	尊重する	交流する	含む	訪問する	制限する	売る	続ける	困らせる	困らせる	annoy は 人を困らせる、いらだたせる という意味です。						
communication	コミュニケーション英語 / Communication English	Practice Communication English lessons and units.	ec1-3	英コミュ1.3 / P.14-15 Review	Practice vocabulary, reading comprehension, and expressions for the exam.	ec1-3-q12	multiple-choice	respect local customs and lifestyles の意味として最も近いものを選びなさい。	地元の習慣や生活様式を尊重する	地元の習慣や生活様式を無視する	地元の習慣や生活様式をすべて変える	地元の習慣や生活様式を写真に撮る	地元の習慣や生活様式を海外に売る	地元の習慣や生活様式をテレビで放送する			地元の習慣や生活様式を尊重する	地元の習慣や生活様式を尊重する	respect は 尊重する、customs は 習慣、lifestyles は 生活様式 です。						
communication	コミュニケーション英語 / Communication English	Practice Communication English lessons and units.	ec1-3	英コミュ1.3 / P.14-15 Review	Practice vocabulary, reading comprehension, and expressions for the exam.	ec1-3-q13	multiple-choice	この英文の to の働きとして最も合うものを選びなさい: Many fans visit the sites to buy souvenirs.	目的を表す to	場所を表す to	比較を表す to	所有を表す to	過去を表す to	受け身を表す to			目的を表す to	目的を表す to	to buy souvenirs は おみやげを買うために という目的を表します。						
communication	コミュニケーション英語 / Communication English	Practice Communication English lessons and units.	ec1-3	英コミュ1.3 / P.14-15 Review	Practice vocabulary, reading comprehension, and expressions for the exam.	ec1-3-q14	fill-in-the-blank	空所に最も合う語を入れなさい: Fans should not enter restricted areas without _____. 許可									permission	permission	permission は 許可 という意味です。						
communication	コミュニケーション英語 / Communication English	Practice Communication English lessons and units.	ec1-3	英コミュ1.3 / P.14-15 Review	Practice vocabulary, reading comprehension, and expressions for the exam.	ec1-3-q15	fill-in-the-blank	空所に最も合う語を入れなさい: Some fans walk around neighborhoods in _____ of good photo spots. ～を探して									search	search	in search of は ～を探して という意味です。						
communication	コミュニケーション英語 / Communication English	Practice Communication English lessons and units.	ec1-3	英コミュ1.3 / P.14-15 Review	Practice vocabulary, reading comprehension, and expressions for the exam.	ec1-3-q16	fill-in-the-blank	空所に最も合う語を入れなさい: Visitors should _____ local customs and lifestyles. 尊重する									respect	respect	respect は 尊重する という意味です。						
communication	コミュニケーション英語 / Communication English	Practice Communication English lessons and units.	ec1-3	英コミュ1.3 / P.14-15 Review	Practice vocabulary, reading comprehension, and expressions for the exam.	ec1-3-q17	true-false	本文の内容と合っていれば TRUE、違っていれば FALSE を選びなさい: All anime pilgrims in the passage respect local customs and lifestyles.									FALSE		一部の anime pilgrims は local customs and lifestyles を尊重していないと説明されています。						
communication	コミュニケーション英語 / Communication English	Practice Communication English lessons and units.	ec1-3	英コミュ1.3 / P.14-15 Review	Practice vocabulary, reading comprehension, and expressions for the exam.	ec1-3-q18	true-false	本文の内容と合っていれば TRUE、違っていれば FALSE を選びなさい: More visitors now try to communicate with local people.									TRUE		最近はより多くの訪問者が地元の人々と交流しようとしています。						
communication	コミュニケーション英語 / Communication English	Practice Communication English lessons and units.	ec1-4	英コミュ1.4 / P.16-17 Review	Practice vocabulary, reading comprehension, and expressions for the exam.	ec1-4-q01	multiple-choice	本文の中心内容として最も合うものを選びなさい。	Lucky Star の放送後も、ファンと地元の人々の関係が続き、地域に良い影響を与えている。	Lucky Star の放送後、ファンはすぐに Washinomiya Shrine に行かなくなった。	Anime Pilgrimages は日本文化にまったく関係がない。	地元の人々は Anime Pilgrims を完全に拒否している。	海外からの観光客は anime pilgrimage に興味を持たない。	Anime Pilgrimages は経済とは関係がない。			Lucky Star の放送後も、ファンと地元の人々の関係が続き、地域に良い影響を与えている。	Lucky Star の放送後も、ファンと地元の人々の関係が続き、地域に良い影響を与えている。	Part 4 は、ファンと地域の交流や相互理解、経済効果について説明しています。						
communication	コミュニケーション英語 / Communication English	Practice Communication English lessons and units.	ec1-4	英コミュ1.4 / P.16-17 Review	Practice vocabulary, reading comprehension, and expressions for the exam.	ec1-4-q02	multiple-choice	本文の内容に合うものを選びなさい: Lucky Star の放送が終わった後、ファンはどうしましたか。	地元の人々との交流を続けた。	Washinomiya Shrine を完全に忘れた。	アニメを見ることを法律で禁止された。	地元の人々と話すことをやめた。	その地域を別の県に移した。	全員が海外に移住した。			地元の人々との交流を続けた。	地元の人々との交流を続けた。	放送終了後も、ファンは地元の人々と交流を続けました。						
communication	コミュニケーション英語 / Communication English	Practice Communication English lessons and units.	ec1-4	英コミュ1.4 / P.16-17 Review	Practice vocabulary, reading comprehension, and expressions for the exam.	ec1-4-q03	multiple-choice	本文の内容に合うものを選びなさい: 最初、Anime Pilgrims は主に何をしようとしていましたか。	Lucky Star の世界を体験しようとしていた。	地元の政治制度を変えようとしていた。	日本全国の神社をすべて調べようとしていた。	アニメの放送局を作ろうとしていた。	地元の人々に英語を教えようとしていた。	地域の名前を変えようとしていた。			Lucky Star の世界を体験しようとしていた。	Lucky Star の世界を体験しようとしていた。	最初は、Lucky Star の世界を体験することが主な目的でした。						
communication	コミュニケーション英語 / Communication English	Practice Communication English lessons and units.	ec1-4	英コミュ1.4 / P.16-17 Review	Practice vocabulary, reading comprehension, and expressions for the exam.	ec1-4-q04	multiple-choice	本文の内容に合うものを選びなさい: ファンが何度も戻ってくるうちに、何が起きましたか。	ファンはその地域自体のファンにもなった。	ファンはその地域を嫌いになった。	地元の人々は全員引っ越した。	Anime Pilgrimages はすぐに禁止された。	ファンは日本文化への興味を失った。	地域の情報はすべて消された。			ファンはその地域自体のファンにもなった。	ファンはその地域自体のファンにもなった。	何度も訪れるうちに、ファンはアニメだけでなく地域にも関心を持つようになりました。						
communication	コミュニケーション英語 / Communication English	Practice Communication English lessons and units.	ec1-4	英コミュ1.4 / P.16-17 Review	Practice vocabulary, reading comprehension, and expressions for the exam.	ec1-4-q05	multiple-choice	相互理解は地域経済にどのような影響を与えましたか。	良い経済効果をもたらした。	経済には何の影響もなかった。	地元の店をすべて閉店させた。	観光客を完全に減らした。	地元の交通をすべて止めた。	アニメ関連の商品を禁止した。			良い経済効果をもたらした。	良い経済効果をもたらした。	相互理解は、地域に良い経済効果をもたらしたと説明されています。						
communication	コミュニケーション英語 / Communication English	Practice Communication English lessons and units.	ec1-4	英コミュ1.4 / P.16-17 Review	Practice vocabulary, reading comprehension, and expressions for the exam.	ec1-4-q06	fill-in-the-blank	空所に最も合う語句を入れなさい: _____ has helped fans and local people accept each other. 相互理解									mutual understanding	mutual understanding;Mutual understanding	mutual understanding は 相互理解 という意味です。						
communication	コミュニケーション英語 / Communication English	Practice Communication English lessons and units.	ec1-4	英コミュ1.4 / P.16-17 Review	Practice vocabulary, reading comprehension, and expressions for the exam.	ec1-4-q07	multiple-choice	本文の 「holy sites」 に引用符が付いている理由として最も合うものを選びなさい。	本当の宗教的な聖地だけではなく、アニメファンにとって特別な場所という意味で使っているから。	英語ではすべての場所の名前に必ず引用符を付けるから。	その場所がすべて外国にあるから。	その言葉が本文の中で間違って使われているから。	その場所には誰も入れないから。	その地域の正式な住所だから。			本当の宗教的な聖地だけではなく、アニメファンにとって特別な場所という意味で使っているから。	本当の宗教的な聖地だけではなく、アニメファンにとって特別な場所という意味で使っているから。	ここでは、アニメファンにとって特別な場所という比喩的な意味で使われています。						
communication	コミュニケーション英語 / Communication English	Practice Communication English lessons and units.	ec1-4	英コミュ1.4 / P.16-17 Review	Practice vocabulary, reading comprehension, and expressions for the exam.	ec1-4-q08	multiple-choice	情報の提供方法として本文に出ていないものを選びなさい。	local people	websites	social media	newspapers					newspapers	newspapers	情報は local people、websites、social media によって提供されていますが、newspapers は出ていません。						
communication	コミュニケーション英語 / Communication English	Practice Communication English lessons and units.	ec1-4	英コミュ1.4 / P.16-17 Review	Practice vocabulary, reading comprehension, and expressions for the exam.	ec1-4-q09	multiple-choice	again and again の意味として最も近いものを選びなさい。	何度も	一度だけ	少しずつ	偶然に	すぐ近くで	最後に	静かに	海外で	何度も	何度も	again and again は 何度も、繰り返して という意味です。						
communication	コミュニケーション英語 / Communication English	Practice Communication English lessons and units.	ec1-4	英コミュ1.4 / P.16-17 Review	Practice vocabulary, reading comprehension, and expressions for the exam.	ec1-4-q10	multiple-choice	interact with local people の意味として最も近いものを選びなさい。	地元の人々と交流する	地元の人々を避ける	地元の人々を観察するだけにする	地元の人々に許可なく命令する	地元の人々の生活を無視する	地元の人々の名前を覚えない	地元の人々から商品を隠す	地元の人々の写真だけを撮る	地元の人々と交流する	地元の人々と交流する	interact with は ～と交流する、関わる という意味です。						
communication	コミュニケーション英語 / Communication English	Practice Communication English lessons and units.	ec1-4	英コミュ1.4 / P.16-17 Review	Practice vocabulary, reading comprehension, and expressions for the exam.	ec1-4-q11	multiple-choice	次の例は何の例として最も合いますか: 平戸市が、佐世保と島の南部をつなぐ新しい橋づくりを進める。	regional development	mutual understanding	local economy	character goods	restricted area	holy site	broadcast	anime pilgrimage	regional development	regional development	regional development は、地域を便利にしたり活性化したりする取り組みを表します。						
communication	コミュニケーション英語 / Communication English	Practice Communication English lessons and units.	ec1-4	英コミュ1.4 / P.16-17 Review	Practice vocabulary, reading comprehension, and expressions for the exam.	ec1-4-q12	multiple-choice	tourists from abroad の意味として最も近いものを選びなさい。	海外からの観光客	地元に住む人々	アニメを作る人々	日本国内の高校生だけ	神社で働く人々	地元の店だけ			海外からの観光客	海外からの観光客	from abroad は 海外からの、tourists は 観光客 という意味です。						
communication	コミュニケーション英語 / Communication English	Practice Communication English lessons and units.	ec1-4	英コミュ1.4 / P.16-17 Review	Practice vocabulary, reading comprehension, and expressions for the exam.	ec1-4-q13	multiple-choice	本文の内容に合うものを選びなさい: 「holy sites」を訪れる人々は、何に強い関心を持っていることが多いですか。	日本文化や好きなアニメの舞台	日本の空港だけ	海外の政治だけ	地元の天気予報だけ	学校の校則だけ	アニメとは関係ない工場だけ			日本文化や好きなアニメの舞台	日本文化や好きなアニメの舞台	訪問者は日本文化や、好きなアニメの物語の場所に強い関心を持っています。						
communication	コミュニケーション英語 / Communication English	Practice Communication English lessons and units.	ec1-4	英コミュ1.4 / P.16-17 Review	Practice vocabulary, reading comprehension, and expressions for the exam.	ec1-4-q14	multiple-choice	potential の意味として最も近いものを選びなさい。	可能性	許可	巡礼者	放送	制限区域	生活様式	おみやげ	統計	可能性	可能性	potential は 可能性、潜在力 という意味です。						
communication	コミュニケーション英語 / Communication English	Practice Communication English lessons and units.	ec1-4	英コミュ1.4 / P.16-17 Review	Practice vocabulary, reading comprehension, and expressions for the exam.	ec1-4-q15	multiple-choice	本文の内容に合うものを選びなさい: Anime Pilgrimages は日本で何を促進する可能性がありますか。	地域の発展	地域の消滅	観光情報の削除	地元の人とファンの対立だけ	すべてのアニメイベントの中止	海外観光客の完全な減少			地域の発展	地域の発展	Anime Pilgrimages は日本の regional development を促進する可能性があると説明されています。						
communication	コミュニケーション英語 / Communication English	Practice Communication English lessons and units.	ec1-4	英コミュ1.4 / P.16-17 Review	Practice vocabulary, reading comprehension, and expressions for the exam.	ec1-4-q16	fill-in-the-blank	空所に最も合う語を入れなさい: Fans came back _____ and again. 何度も									again	again	again and again は 何度も という意味です。						
communication	コミュニケーション英語 / Communication English	Practice Communication English lessons and units.	ec1-4	英コミュ1.4 / P.16-17 Review	Practice vocabulary, reading comprehension, and expressions for the exam.	ec1-4-q17	fill-in-the-blank	空所に最も合う語を入れなさい: Anime Pilgrimages can attract _____ from abroad. 観光客									tourists	tourists;tourist	tourists は 観光客 という意味です。						
communication	コミュニケーション英語 / Communication English	Practice Communication English lessons and units.	ec1-4	英コミュ1.4 / P.16-17 Review	Practice vocabulary, reading comprehension, and expressions for the exam.	ec1-4-q18	true-false	本文の内容と合っていれば TRUE、違っていれば FALSE を選びなさい: Information about Anime Pilgrimages is now provided only in Japanese.									FALSE		情報は多くの異なる言語で提供されています。						
communication	コミュニケーション英語 / Communication English	Practice Communication English lessons and units.	ec2-1	英コミュ2.1 / P.26-27 Review	Practice vocabulary, reading comprehension, and expressions for the exam.	ec2-1-q01	multiple-choice	本文の中心内容として最も合うものを選びなさい。	岩谷さんが、風船・カメラ・パラシュートなどを使って地球の写真を撮る実験について説明している。	岩谷さんが、宇宙船を作って月まで行った話を説明している。	岩谷さんが、ホームセンターで働くようになった理由を説明している。	岩谷さんが、普通のスマホで地球の写真を撮る方法を説明している。	岩谷さんが、太陽の温度を測る実験について説明している。	岩谷さんが、映画 Back to the Future の内容を説明している。			岩谷さんが、風船・カメラ・パラシュートなどを使って地球の写真を撮る実験について説明している。	岩谷さんが、風船・カメラ・パラシュートなどを使って地球の写真を撮る実験について説明している。	Part 1 は、岩谷さんの風船を使った撮影実験について説明しています。						
communication	コミュニケーション英語 / Communication English	Practice Communication English lessons and units.	ec2-1	英コミュ2.1 / P.26-27 Review	Practice vocabulary, reading comprehension, and expressions for the exam.	ec2-1-q02	multiple-choice	本文の内容に合うものを選びなさい: 風船は何を運びますか。	地球に向けられたカメラ	宇宙飛行士	大きな望遠鏡	月の石	映画のチケット	ホームセンターの商品棚	電車の模型	太陽電池だけ	地球に向けられたカメラ	地球に向けられたカメラ	風船は、地球に向けられたカメラを運びます。						
communication	コミュニケーション英語 / Communication English	Practice Communication English lessons and units.	ec2-1	英コミュ2.1 / P.26-27 Review	Practice vocabulary, reading comprehension, and expressions for the exam.	ec2-1-q03	multiple-choice	What happens after the balloon explodes?	The camera slowly falls back to the earth with a parachute.	The camera flies to the moon by itself.	The balloon becomes a rocket and goes higher.	The camera takes photos inside a home improvement store.	The parachute burns up immediately.	The experiment ends before any photos are taken.			The camera slowly falls back to the earth with a parachute.	The camera slowly falls back to the earth with a parachute.	風船が破裂した後、カメラはパラシュートでゆっくり地球に戻ります。						
communication	コミュニケーション英語 / Communication English	Practice Communication English lessons and units.	ec2-1	英コミュ2.1 / P.26-27 Review	Practice vocabulary, reading comprehension, and expressions for the exam.	ec2-1-q04	multiple-choice	出来事の順番として最も自然なものを選びなさい。	風船が上がる → カメラが地球を撮影する → 風船が破裂する → カメラが地球へ戻る	風船が破裂する → カメラを作る → 地球を撮影する → 風船が上がる	カメラが地球へ戻る → 風船が上がる → 材料を買う → 太陽が暗くなる	地球を撮影する → ホームセンターが飛ぶ → パラシュートが消える → 風船が戻る	カメラが月へ行く → 太陽を撮る → 風船を作る → 地球が破裂する				風船が上がる → カメラが地球を撮影する → 風船が破裂する → カメラが地球へ戻る	風船が上がる → カメラが地球を撮影する → 風船が破裂する → カメラが地球へ戻る	風船が上がり、撮影後に破裂し、カメラが戻る流れです。						
communication	コミュニケーション英語 / Communication English	Practice Communication English lessons and units.	ec2-1	英コミュ2.1 / P.26-27 Review	Practice vocabulary, reading comprehension, and expressions for the exam.	ec2-1-q05	multiple-choice	pitch-_____ darkness の意味として最も近いものを選びなさい。	真っ暗な暗闇	少し明るい夕方	まぶしい光	透明な空気	青空のような明るさ	写真に写った背景	高く上がった場所	やわらかい着地	真っ暗な暗闇	真っ暗な暗闇	pitch-black darkness は 真っ暗な暗闇 という意味です。						
communication	コミュニケーション英語 / Communication English	Practice Communication English lessons and units.	ec2-1	英コミュ2.1 / P.26-27 Review	Practice vocabulary, reading comprehension, and expressions for the exam.	ec2-1-q06	multiple-choice	burst の意味として最も近いものを選びなさい。	破裂する	ゆっくり落ちる	写真を保存する	やわらかくする	手作りする	材料を集める	高く飛ぶ	興味を引く	破裂する	破裂する	burst は 破裂する という意味です。						
communication	コミュニケーション英語 / Communication English	Practice Communication English lessons and units.	ec2-1	英コミュ2.1 / P.26-27 Review	Practice vocabulary, reading comprehension, and expressions for the exam.	ec2-1-q07	multiple-choice	burst shot の意味として最も近いものを選びなさい。	連続写真	真っ暗な写真	手作りの写真	失敗した写真	高度の写真	破れた写真	背景だけの写真	店で買った写真	連続写真	連続写真	burst shot は、短い時間に連続して撮る写真です。						
communication	コミュニケーション英語 / Communication English	Practice Communication English lessons and units.	ec2-1	英コミュ2.1 / P.26-27 Review	Practice vocabulary, reading comprehension, and expressions for the exam.	ec2-1-q08	multiple-choice	ホームセンター の英語として最も自然なものを選びなさい。	home improvement store	home material store	home center	material store	home building center	house goods market	building materials shop	DIY goods place	home improvement store	home improvement store	home improvement store は、英語で ホームセンター に最も近い自然な表現です。						
communication	コミュニケーション英語 / Communication English	Practice Communication English lessons and units.	ec2-1	英コミュ2.1 / P.26-27 Review	Practice vocabulary, reading comprehension, and expressions for the exam.	ec2-1-q09	multiple-choice	rarity の意味として最も近いものを選びなさい。	珍しさ	高さ	背景	実験	材料	破裂	暗さ	改良	珍しさ	珍しさ	rarity は 珍しさ、まれであること という意味です。						
communication	コミュニケーション英語 / Communication English	Practice Communication English lessons and units.	ec2-1	英コミュ2.1 / P.26-27 Review	Practice vocabulary, reading comprehension, and expressions for the exam.	ec2-1-q10	multiple-choice	materials の意味として最も近いものを選びなさい。	材料	方法	高度	誘惑	背景	写真撮影	実験	改良	材料	材料	materials は 材料 という意味です。						
communication	コミュニケーション英語 / Communication English	Practice Communication English lessons and units.	ec2-1	英コミュ2.1 / P.26-27 Review	Practice vocabulary, reading comprehension, and expressions for the exam.	ec2-1-q11	multiple-choice	cushioning の役割として最も合うものを選びなさい。	カメラが着地するときの衝撃をやわらげる。	カメラを太陽に向ける。	風船を破裂させる。	写真を連続で撮る。	カメラを真っ暗にする。	パラシュートを消す。	材料を買う店を探す。	地球から遠ざける。	カメラが着地するときの衝撃をやわらげる。	カメラが着地するときの衝撃をやわらげる。	cushioning は 着地の衝撃をやわらげるためのものです。						
communication	コミュニケーション英語 / Communication English	Practice Communication English lessons and units.	ec2-1	英コミュ2.1 / P.26-27 Review	Practice vocabulary, reading comprehension, and expressions for the exam.	ec2-1-q12	multiple-choice	obtained の意味として最も近いものを選びなさい。	手に入れた	破裂させた	夢見た	柔らかくした	撮影した	運んだ	失敗した	引きつけた	手に入れた	手に入れた	obtained は 手に入れた、得た という意味です。						
communication	コミュニケーション英語 / Communication English	Practice Communication English lessons and units.	ec2-1	英コミュ2.1 / P.26-27 Review	Practice vocabulary, reading comprehension, and expressions for the exam.	ec2-1-q13	fill-in-the-blank	空所に最も合う語を入れなさい: Iwaya’s unusual method has _____ wide interest. 広い関心を引きつけた									attracted	attracted	attract は 引きつける、attracted は 引きつけた という意味です。						
communication	コミュニケーション英語 / Communication English	Practice Communication English lessons and units.	ec2-1	英コミュ2.1 / P.26-27 Review	Practice vocabulary, reading comprehension, and expressions for the exam.	ec2-1-q14	fill-in-the-blank	空所に最も合う語を入れなさい: He _____ the materials at a local home improvement store. 手に入れた									obtained	obtained;obtain;got	obtain は 手に入れる という意味で、obtained はその過去形です。						
communication	コミュニケーション英語 / Communication English	Practice Communication English lessons and units.	ec2-1	英コミュ2.1 / P.26-27 Review	Practice vocabulary, reading comprehension, and expressions for the exam.	ec2-1-q15	fill-in-the-blank	空所に最も合う語を入れなさい: The camera’s landing was softened by _____. 緩衝材									cushioning	cushioning	cushioning は 衝撃をやわらげるための緩衝材です。						
communication	コミュニケーション英語 / Communication English	Practice Communication English lessons and units.	ec2-1	英コミュ2.1 / P.26-27 Review	Practice vocabulary, reading comprehension, and expressions for the exam.	ec2-1-q16	fill-in-the-blank	空所に最も合う語を入れなさい: The camera was aimed at the _____. 地球									earth	earth;Earth	earth は 地球 という意味で、Earth と書くこともあります。						
communication	コミュニケーション英語 / Communication English	Practice Communication English lessons and units.	ec2-1	英コミュ2.1 / P.26-27 Review	Practice vocabulary, reading comprehension, and expressions for the exam.	ec2-1-q17	true-false	本文の内容と合っていれば TRUE、違っていれば FALSE を選びなさい: The parachute and cushioning were handmade by Iwaya.									TRUE		パラシュートと cushioning は岩谷さんによって手作りされました。						
communication	コミュニケーション英語 / Communication English	Practice Communication English lessons and units.	ec2-1	英コミュ2.1 / P.26-27 Review	Practice vocabulary, reading comprehension, and expressions for the exam.	ec2-1-q18	true-false	本文の内容と合っていれば TRUE、違っていれば FALSE を選びなさい: Iwaya used many expensive space materials that only NASA could buy.									FALSE		彼が使った材料は地元の home improvement store で手に入れたものです。						
communication	コミュニケーション英語 / Communication English	Practice Communication English lessons and units.	ec2-2	英コミュ2.2 / P.28-29 Review	Practice vocabulary, reading comprehension, and expressions for the exam.	ec2-2-q01	multiple-choice	本文の中心内容として最も合うものを選びなさい。	岩谷さんが映画と大学生のブログから影響を受け、自分でも挑戦したいと思うようになったこと。	岩谷さんが Back to the Future の映画を作ったこと。	岩谷さんがアメリカの大学でスペースカメラを発明したこと。	岩谷さんが高価な宇宙技術を使って実験したこと。	岩谷さんがタイムマシンを完成させたこと。	岩谷さんが大学で映画研究だけをしていたこと。			岩谷さんが映画と大学生のブログから影響を受け、自分でも挑戦したいと思うようになったこと。	岩谷さんが映画と大学生のブログから影響を受け、自分でも挑戦したいと思うようになったこと。	Part 2 は、映画とブログが岩谷さんの挑戦のきっかけになったことを説明しています。						
communication	コミュニケーション英語 / Communication English	Practice Communication English lessons and units.	ec2-2	英コミュ2.2 / P.28-29 Review	Practice vocabulary, reading comprehension, and expressions for the exam.	ec2-2-q02	multiple-choice	Back to the Future が公開された年として正しいものを選びなさい。	1977年	1985年	1995年	2001年	2007年	2011年			1985年	1985年	Back to the Future は1985年公開の映画です。						
communication	コミュニケーション英語 / Communication English	Practice Communication English lessons and units.	ec2-2	英コミュ2.2 / P.28-29 Review	Practice vocabulary, reading comprehension, and expressions for the exam.	ec2-2-q03	multiple-choice	本文の内容に合うものを選びなさい: 岩谷さんにとって Dr. Brown はどのような存在でしたか。	あこがれのような存在	学校の先生	宇宙飛行士	ブログを書いた大学生	カメラを売った店員	風船を作った会社員	日本の映画監督	岩谷さんの父親	あこがれのような存在	あこがれのような存在	Dr. Brown は岩谷さんにとって hero のような存在でした。						
communication	コミュニケーション英語 / Communication English	Practice Communication English lessons and units.	ec2-2	英コミュ2.2 / P.28-29 Review	Practice vocabulary, reading comprehension, and expressions for the exam.	ec2-2-q04	multiple-choice	本文の内容に合うものを選びなさい: Dr. Brown のどのような姿勢が岩谷さんを引きつけましたか。	興味のあることに全力で取り組む姿勢	何もしないで成功を待つ姿勢	高い技術だけを使おうとする姿勢	他人の夢をすぐに否定する姿勢	お金を使うことだけを大切にする姿勢	写真を撮ることを避ける姿勢			興味のあることに全力で取り組む姿勢	興味のあることに全力で取り組む姿勢	Dr. Brown は興味のあることを追求し、全力で取り組む人物として描かれています。						
communication	コミュニケーション英語 / Communication English	Practice Communication English lessons and units.	ec2-2	英コミュ2.2 / P.28-29 Review	Practice vocabulary, reading comprehension, and expressions for the exam.	ec2-2-q05	multiple-choice	give his all の意味として最も近いものを選びなさい。	全力を尽くす	すべてをあきらめる	何もしない	お金を全部払う	だれかに全部あげる	写真を全部消す	全員を集める	すぐに帰る	全力を尽くす	全力を尽くす	give one’s all は 全力を尽くす という意味です。						
communication	コミュニケーション英語 / Communication English	Practice Communication English lessons and units.	ec2-2	英コミュ2.2 / P.28-29 Review	Practice vocabulary, reading comprehension, and expressions for the exam.	ec2-2-q06	multiple-choice	in pursuit of の意味として最も近いものを選びなさい。	～を追い求めて	～を避けるために	～を忘れたあとで	～を禁止して	～を偶然なくして	～を売るかわりに	～を撮影せずに	～を終わらせる前に	～を追い求めて	～を追い求めて	in pursuit of は ～を追い求めて という意味です。						
communication	コミュニケーション英語 / Communication English	Practice Communication English lessons and units.	ec2-2	英コミュ2.2 / P.28-29 Review	Practice vocabulary, reading comprehension, and expressions for the exam.	ec2-2-q07	multiple-choice	achieve の意味として最も近いものを選びなさい。	達成する	破裂する	柔らかくする	落下する	手に入れる	驚かせる	改良する	運ぶ	達成する	達成する	achieve は 達成する という意味です。						
communication	コミュニケーション英語 / Communication English	Practice Communication English lessons and units.	ec2-2	英コミュ2.2 / P.28-29 Review	Practice vocabulary, reading comprehension, and expressions for the exam.	ec2-2-q08	multiple-choice	本文の内容に合うものを選びなさい: 大学生のブログで岩谷さんが見たものは何でしたか。	手作りのスペースカメラで地球を撮影した話	タイムマシンで未来へ行った話	高価なロケットを買った話	映画館で働く方法	地元のホームセンターを作る計画	Dr. Brown へのインタビュー			手作りのスペースカメラで地球を撮影した話	手作りのスペースカメラで地球を撮影した話	岩谷さんは、手作りスペースカメラで地球を撮影したブログを見ました。						
communication	コミュニケーション英語 / Communication English	Practice Communication English lessons and units.	ec2-2	英コミュ2.2 / P.28-29 Review	Practice vocabulary, reading comprehension, and expressions for the exam.	ec2-2-q09	multiple-choice	What surprised Iwaya about the homemade space camera project?	It did not need much money or advanced technology.	It was made by NASA engineers only.	It used a real time machine.	It needed a large rocket and a pilot.	It was filmed inside a movie studio.	It could only work on the moon.			It did not need much money or advanced technology.	It did not need much money or advanced technology.	多くのお金や advanced technology が必要なかったことに岩谷さんは驚きました。						
communication	コミュニケーション英語 / Communication English	Practice Communication English lessons and units.	ec2-2	英コミュ2.2 / P.28-29 Review	Practice vocabulary, reading comprehension, and expressions for the exam.	ec2-2-q10	multiple-choice	advanced technology の意味として最も近いものを選びなさい。	高度な技術	地元の材料	手作りの道具	安いおみやげ	普通の映画	古い写真	偶然の出会い	強い興味	高度な技術	高度な技術	advanced technology は 高度な技術 という意味です。						
communication	コミュニケーション英語 / Communication English	Practice Communication English lessons and units.	ec2-2	英コミュ2.2 / P.28-29 Review	Practice vocabulary, reading comprehension, and expressions for the exam.	ec2-2-q11	multiple-choice	locally obtained materials の意味として最も近いものを選びなさい。	地元で手に入れた材料	海外から特別に輸入した機械	宇宙で集めた石	映画館で売っていたチケット	大学から借りた時間割	政府が秘密にしている技術	店で買えない特殊な燃料	写真に写った背景	地元で手に入れた材料	地元で手に入れた材料	locally obtained materials は 地元で手に入れた材料 という意味です。						
communication	コミュニケーション英語 / Communication English	Practice Communication English lessons and units.	ec2-2	英コミュ2.2 / P.28-29 Review	Practice vocabulary, reading comprehension, and expressions for the exam.	ec2-2-q12	multiple-choice	homemade の意味として最も近いものを選びなさい。	手作りの	高価な	真っ暗な	宇宙用の	自動の	大学の	公式の	未来の	手作りの	手作りの	homemade は 手作りの という意味です。						
communication	コミュニケーション英語 / Communication English	Practice Communication English lessons and units.	ec2-2	英コミュ2.2 / P.28-29 Review	Practice vocabulary, reading comprehension, and expressions for the exam.	ec2-2-q13	multiple-choice	encounter の意味として最も近いものを選びなさい。	出会い	破裂	高度	改良	緩衝材	背景	連続写真	興味	出会い	出会い	encounter は 出会い、遭遇 という意味です。						
communication	コミュニケーション英語 / Communication English	Practice Communication English lessons and units.	ec2-2	英コミュ2.2 / P.28-29 Review	Practice vocabulary, reading comprehension, and expressions for the exam.	ec2-2-q14	multiple-choice	出来事の順番として最も自然なものを選びなさい。	子どものころに映画を見る → 大学生のブログを見る → 自分でもやってみたいと思う	ブログを見る → 映画を見る → Dr. Brown がタイムマシンを発明する	自分で実験する → 子どものころに映画を見る → ブログを探す	タイムマシンを作る → 地球を撮影する → ホームセンターへ行く	大学生が岩谷さんの映画を見る → 岩谷さんがブログを書く → Dr. Brown が風船を作る				子どものころに映画を見る → 大学生のブログを見る → 自分でもやってみたいと思う	子どものころに映画を見る → 大学生のブログを見る → 自分でもやってみたいと思う	映画への憧れがあり、その後ブログを見て自分でも挑戦したいと思いました。						
communication	コミュニケーション英語 / Communication English	Practice Communication English lessons and units.	ec2-2	英コミュ2.2 / P.28-29 Review	Practice vocabulary, reading comprehension, and expressions for the exam.	ec2-2-q15	fill-in-the-blank	空所に最も合う語を入れなさい: Dr. Brown _____ a time machine in the movie. 発明した									invented	invented	invent は 発明する、invented は 発明した という意味です。						
communication	コミュニケーション英語 / Communication English	Practice Communication English lessons and units.	ec2-2	英コミュ2.2 / P.28-29 Review	Practice vocabulary, reading comprehension, and expressions for the exam.	ec2-2-q16	fill-in-the-blank	空所に最も合う語を入れなさい: Iwaya was strongly _____ to Dr. Brown’s way of living. 引きつけられた									attracted	attracted	be attracted to は ～に引きつけられる という意味です。						
communication	コミュニケーション英語 / Communication English	Practice Communication English lessons and units.	ec2-2	英コミュ2.2 / P.28-29 Review	Practice vocabulary, reading comprehension, and expressions for the exam.	ec2-2-q17	fill-in-the-blank	空所に最も合う語を入れなさい: The students used _____ obtained materials. 地元で手に入れた									locally	locally	locally means 地元で、locally obtained materials は 地元で手に入れた材料 です。						
communication	コミュニケーション英語 / Communication English	Practice Communication English lessons and units.	ec2-2	英コミュ2.2 / P.28-29 Review	Practice vocabulary, reading comprehension, and expressions for the exam.	ec2-2-q18	true-false	本文の内容と合っていれば TRUE、違っていれば FALSE を選びなさい: The blog showed Iwaya that a homemade space camera could be made without much money or advanced technology.									TRUE		ブログを見て、多くのお金や高度な技術がなくてもできると分かりました。						
communication	コミュニケーション英語 / Communication English	Practice Communication English lessons and units.	ec2-3	英コミュ2.3 / P.30-31 Review	Practice vocabulary, reading comprehension, and expressions for the exam.	ec2-3-q01	multiple-choice	本文の中心内容として最も合うものを選びなさい。	岩谷さんが何度も実験し、データを集めて改良し、ついに宇宙から地球の写真を撮ったこと。	岩谷さんが映画を見て、タイムマシンを作ったこと。	岩谷さんが風船を使わずにロケットで宇宙へ行ったこと。	岩谷さんが地元の店でカメラを売り始めたこと。	岩谷さんが大きな望遠鏡で月だけを撮影したこと。	岩谷さんが成層圏の天気予報を作ったこと。			岩谷さんが何度も実験し、データを集めて改良し、ついに宇宙から地球の写真を撮ったこと。	岩谷さんが何度も実験し、データを集めて改良し、ついに宇宙から地球の写真を撮ったこと。	Part 3 は、失敗と改良を重ねて宇宙から地球を撮影した流れを説明しています。						
communication	コミュニケーション英語 / Communication English	Practice Communication English lessons and units.	ec2-3	英コミュ2.3 / P.30-31 Review	Practice vocabulary, reading comprehension, and expressions for the exam.	ec2-3-q02	multiple-choice	diameter の意味として最も近いものを選びなさい。	直径	半径	高度	背景	重さ	速度	明るさ	材料	直径	直径	diameter は 円や球の端から端までを通る 直径 という意味です。						
communication	コミュニケーション英語 / Communication English	Practice Communication English lessons and units.	ec2-3	英コミュ2.3 / P.30-31 Review	Practice vocabulary, reading comprehension, and expressions for the exam.	ec2-3-q03	multiple-choice	本文の内容に合うものを選びなさい: 岩谷さんが使うのに最もよいと分かった風船の大きさはどれですか。	直径1〜2メートル	直径10〜20センチメートル	直径5〜6メートル	直径30メートル以上	半径1〜2キロメートル	高さ30,000メートル	重さ1〜2キログラム	長さ300メートル	直径1〜2メートル	直径1〜2メートル	風船は直径1〜2メートルくらいがよいと分かりました。						
communication	コミュニケーション英語 / Communication English	Practice Communication English lessons and units.	ec2-3	英コミュ2.3 / P.30-31 Review	Practice vocabulary, reading comprehension, and expressions for the exam.	ec2-3-q04	multiple-choice	stratosphere の意味として最も近いものを選びなさい。	成層圏	地面	海底	宇宙船	半径	直径	地元の店	緩衝材	成層圏	成層圏	stratosphere は 成層圏 という意味です。						
communication	コミュニケーション英語 / Communication English	Practice Communication English lessons and units.	ec2-3	英コミュ2.3 / P.30-31 Review	Practice vocabulary, reading comprehension, and expressions for the exam.	ec2-3-q05	multiple-choice	本文の内容に合うものを選びなさい: よりよい画像を得るために、カメラは何の影響を少なくする必要がありましたか。	atmosphere	local economy	character goods	home improvement store	Back to the Future	mutual understanding	restricted area	souvenir	atmosphere	atmosphere	大気の影響が少ない高さまで上がると、より鮮明な画像が得られました。						
communication	コミュニケーション英語 / Communication English	Practice Communication English lessons and units.	ec2-3	英コミュ2.3 / P.30-31 Review	Practice vocabulary, reading comprehension, and expressions for the exam.	ec2-3-q06	multiple-choice	atmosphere の意味として最も近いものを選びなさい。	大気	直径	惑星	失望	喜び	発見	改良	緩衝材	大気	大気	atmosphere は 地球を取りまく空気、大気 という意味です。						
communication	コミュニケーション英語 / Communication English	Practice Communication English lessons and units.	ec2-3	英コミュ2.3 / P.30-31 Review	Practice vocabulary, reading comprehension, and expressions for the exam.	ec2-3-q07	multiple-choice	本文の内容に合うものを選びなさい: 何メートル以上の高さがよいと分かりましたか。	3,000メートル以上	10,000メートル以上	30,000メートル以上	80,000メートル以上	300,000メートル以上	1,000メートル以上			30,000メートル以上	30,000メートル以上	30,000メートル以上がよい高さだと分かりました。						
communication	コミュニケーション英語 / Communication English	Practice Communication English lessons and units.	ec2-3	英コミュ2.3 / P.30-31 Review	Practice vocabulary, reading comprehension, and expressions for the exam.	ec2-3-q08	multiple-choice	blurry の反対に最も近い語を選びなさい。	sharp	dark	heavy	local	handmade	soft	rare	pure	sharp	sharp	blurry は ぼやけた、sharp は 鮮明な という意味です。						
communication	コミュニケーション英語 / Communication English	Practice Communication English lessons and units.	ec2-3	英コミュ2.3 / P.30-31 Review	Practice vocabulary, reading comprehension, and expressions for the exam.	ec2-3-q09	multiple-choice	blurry の意味として最も近いものを選びなさい。	ぼやけた、不鮮明な	鮮明な、くっきりした	真っ暗な	手作りの	地元で得た	高度な	破裂した	珍しい	ぼやけた、不鮮明な	ぼやけた、不鮮明な	blurry は ぼやけた、不鮮明な という意味です。						
communication	コミュニケーション英語 / Communication English	Practice Communication English lessons and units.	ec2-3	英コミュ2.3 / P.30-31 Review	Practice vocabulary, reading comprehension, and expressions for the exam.	ec2-3-q10	multiple-choice	sharp images の意味として最も近いものを選びなさい。	鮮明な画像	ぼやけた画像	真っ暗な画像	壊れた画像	小さすぎる画像	手作りの画像	地元の画像	古い画像	鮮明な画像	鮮明な画像	sharp は 画像について使うと 鮮明な、くっきりした という意味です。						
communication	コミュニケーション英語 / Communication English	Practice Communication English lessons and units.	ec2-3	英コミュ2.3 / P.30-31 Review	Practice vocabulary, reading comprehension, and expressions for the exam.	ec2-3-q11	multiple-choice	本文の内容に合うものを選びなさい: 岩谷さんは何回目の試みで宇宙から写真を撮ることができましたか。	1回目	3回目	5回目	7回目	11回目	30回目	37回目	100回目	11回目	11回目	11回目の試みで、ついに宇宙から写真を撮ることができました。						
communication	コミュニケーション英語 / Communication English	Practice Communication English lessons and units.	ec2-3	英コミュ2.3 / P.30-31 Review	Practice vocabulary, reading comprehension, and expressions for the exam.	ec2-3-q12	multiple-choice	pure delight の pure の意味として最も近いものを選びなさい。	まったくの、心からの	汚れた	高価な	速い	地元の	ぼやけた	技術的な	偶然の	まったくの、心からの	まったくの、心からの	pure delight の pure は、混じりけのない強い喜びを表します。						
communication	コミュニケーション英語 / Communication English	Practice Communication English lessons and units.	ec2-3	英コミュ2.3 / P.30-31 Review	Practice vocabulary, reading comprehension, and expressions for the exam.	ec2-3-q13	multiple-choice	delight の意味として最も近いものを選びなさい。	喜び	失望	直径	大気	改良	発見	速度	失敗	喜び	喜び	delight は 大きな喜び という意味です。						
communication	コミュニケーション英語 / Communication English	Practice Communication English lessons and units.	ec2-3	英コミュ2.3 / P.30-31 Review	Practice vocabulary, reading comprehension, and expressions for the exam.	ec2-3-q14	multiple-choice	motivate の意味として最も近いものを選びなさい。	やる気にさせる	ぼやけさせる	破裂させる	地元で手に入れる	直径を測る	写真を隠す	大気を消す	失敗する	やる気にさせる	やる気にさせる	motivate は 人にやる気を起こさせる という意味です。						
communication	コミュニケーション英語 / Communication English	Practice Communication English lessons and units.	ec2-3	英コミュ2.3 / P.30-31 Review	Practice vocabulary, reading comprehension, and expressions for the exam.	ec2-3-q15	multiple-choice	本文の内容に合うものを選びなさい: balloon after balloon を打ち上げた後、岩谷さんは何をしましたか。	データを集め、改良を重ねた。	すぐに実験を完全にやめた。	タイムマシンを発明した。	地球の写真をすべて捨てた。	風船を宇宙船に変えた。	高価なロケットだけを使うようになった。	映画館で働き始めた。	写真を撮らないことに決めた。	データを集め、改良を重ねた。	データを集め、改良を重ねた。	何度も風船を打ち上げながら、データを集めて改良しました。						
communication	コミュニケーション英語 / Communication English	Practice Communication English lessons and units.	ec2-3	英コミュ2.3 / P.30-31 Review	Practice vocabulary, reading comprehension, and expressions for the exam.	ec2-3-q16	fill-in-the-blank	空所に最も合う語を入れなさい: He collected _____ and made improvements. データ									data	data	data は データ、集めた情報 という意味です。						
communication	コミュニケーション英語 / Communication English	Practice Communication English lessons and units.	ec2-3	英コミュ2.3 / P.30-31 Review	Practice vocabulary, reading comprehension, and expressions for the exam.	ec2-3-q17	fill-in-the-blank	空所に最も合う語を入れなさい: The camera had to fall slowly so as not to _____ anything. 傷つける									damage	damage	damage は 傷つける、損害を与える という意味です。						
communication	コミュニケーション英語 / Communication English	Practice Communication English lessons and units.	ec2-3	英コミュ2.3 / P.30-31 Review	Practice vocabulary, reading comprehension, and expressions for the exam.	ec2-3-q18	fill-in-the-blank	空所に最も合う語を入れなさい: His experience _____ him to continue his efforts. やる気にさせた									motivated	motivated	motivated は やる気にさせた という意味です。						
communication	コミュニケーション英語 / Communication English	Practice Communication English lessons and units.	ec2-3	英コミュ2.3 / P.30-31 Review	Practice vocabulary, reading comprehension, and expressions for the exam.	ec2-3-q19	true-false	本文の内容と合っていれば TRUE、違っていれば FALSE を選びなさい: The first photos from space were perfectly sharp.									FALSE		最初に撮れた写真はぼやけていました。						
communication	コミュニケーション英語 / Communication English	Practice Communication English lessons and units.	ec2-3	英コミュ2.3 / P.30-31 Review	Practice vocabulary, reading comprehension, and expressions for the exam.	ec2-3-q20	true-false	本文の内容と合っていれば TRUE、違っていれば FALSE を選びなさい: Even though he was disappointed at first, Iwaya later found one good image.									TRUE		最初は失望しましたが、よく見るとよい写真が見つかりました。						
communication	コミュニケーション英語 / Communication English	Practice Communication English lessons and units.	ec2-4	英コミュ2.4 / P.32-33 Review	Practice vocabulary, reading comprehension, and expressions for the exam.	ec2-4-q01	multiple-choice	本文の中心内容として最も合うものを選びなさい。	岩谷さんの挑戦は、身近なものを活用し、失敗から学び続けることの大切さを示している。	岩谷さんは、大きな会社や高価な技術がなければ夢は実現できないと考えている。	岩谷さんは、最初の失敗のあとすぐに実験をやめた。	岩谷さんは、発明は必ず国の大きなプロジェクトでなければならないと説明している。	岩谷さんは、宇宙旅行より映画作りに興味を持つようになった。	岩谷さんは、風船ではなくロケットだけを使うべきだと考えている。			岩谷さんの挑戦は、身近なものを活用し、失敗から学び続けることの大切さを示している。	岩谷さんの挑戦は、身近なものを活用し、失敗から学び続けることの大切さを示している。	Part 4 は、身近なものを活用し、考え直しながら夢を追う大切さを伝えています。						
communication	コミュニケーション英語 / Communication English	Practice Communication English lessons and units.	ec2-4	英コミュ2.4 / P.32-33 Review	Practice vocabulary, reading comprehension, and expressions for the exam.	ec2-4-q02	multiple-choice	on a large scale の意味として最も近いものを選びなさい。	大規模で	小さな道具だけで	一人だけで静かに	失敗しないように	何度も考え直して	身近なものを使って	回収できるように	夢をあきらめて	大規模で	大規模で	on a large scale は 大規模で という意味です。						
communication	コミュニケーション英語 / Communication English	Practice Communication English lessons and units.	ec2-4	英コミュ2.4 / P.32-33 Review	Practice vocabulary, reading comprehension, and expressions for the exam.	ec2-4-q03	multiple-choice	pursue a dream の意味として最も近いものを選びなさい。	夢を追い求める	夢をすぐにあきらめる	夢を忘れて別のことをする	夢を人に隠す	夢を大きな規模にする	夢を失敗として扱う	夢を回収する	夢を発射する	夢を追い求める	夢を追い求める	pursue は 追い求める という意味です。						
communication	コミュニケーション英語 / Communication English	Practice Communication English lessons and units.	ec2-4	英コミュ2.4 / P.32-33 Review	Practice vocabulary, reading comprehension, and expressions for the exam.	ec2-4-q04	multiple-choice	make the most of things available around him の意味として最も近いものを選びなさい。	自分のまわりで手に入るものを最大限に活用する	高価な専門機械だけを使う	使えるものがないと考えて何もしない	すべての材料を海外から取り寄せる	身近なものを使わずに捨てる	大きな会社にすべて任せる	失敗した実験を完全に忘れる	発明を大規模なものに変える	自分のまわりで手に入るものを最大限に活用する	自分のまわりで手に入るものを最大限に活用する	make the most of は 最大限に活用する、available は 手に入る という意味です。						
communication	コミュニケーション英語 / Communication English	Practice Communication English lessons and units.	ec2-4	英コミュ2.4 / P.32-33 Review	Practice vocabulary, reading comprehension, and expressions for the exam.	ec2-4-q05	multiple-choice	available の意味として最も近いものを選びなさい。	手に入る、利用できる	不可能な	大規模な	失敗した	回収された	継続的な	達成可能な	真っ暗な	手に入る、利用できる	手に入る、利用できる	available は 手に入る、利用できる という意味です。						
communication	コミュニケーション英語 / Communication English	Practice Communication English lessons and units.	ec2-4	英コミュ2.4 / P.32-33 Review	Practice vocabulary, reading comprehension, and expressions for the exam.	ec2-4-q06	multiple-choice	recovery of the camera の recovery の意味として最も近いものを選びなさい。	回収	取り戻すこと	発明	打ち上げ	再考	失敗	規模	努力	回収	回収;取り戻すこと	recovery はここでは、落ちてきたカメラを回収すること、取り戻すことを表します。						
communication	コミュニケーション英語 / Communication English	Practice Communication English lessons and units.	ec2-4	英コミュ2.4 / P.32-33 Review	Practice vocabulary, reading comprehension, and expressions for the exam.	ec2-4-q07	multiple-choice	launch の意味として最も近いものを選びなさい。	打ち上げ	回収	直径	大気	緩衝材	珍しさ	相互理解	おみやげ	打ち上げ	打ち上げ	launch は ロケットや風船などの 打ち上げ という意味で使えます。						
communication	コミュニケーション英語 / Communication English	Practice Communication English lessons and units.	ec2-4	英コミュ2.4 / P.32-33 Review	Practice vocabulary, reading comprehension, and expressions for the exam.	ec2-4-q08	multiple-choice	本文の内容に合うものを選びなさい: 写真撮影やカメラの回収がうまくいかなかったとき、岩谷さんの実験には何が残りましたか。	新しい発見	完全な無意味さ	宇宙旅行の完成	タイムマシンの設計図	実験をやめる理由だけ	高価な技術への依存	映画制作の仕事	地元の店の宣伝だけ	新しい発見	新しい発見	うまくいかない時でも、それぞれの打ち上げから新しい発見がありました。						
communication	コミュニケーション英語 / Communication English	Practice Communication English lessons and units.	ec2-4	英コミュ2.4 / P.32-33 Review	Practice vocabulary, reading comprehension, and expressions for the exam.	ec2-4-q09	multiple-choice	本文で、岩谷さんの試みが本当の意味では failure ではない理由として最も合うものを選びなさい。	うまくいかない時でも、毎回そこから学びや発見があったから。	すべての実験が最初から完全に成功していたから。	カメラを一度もなくさなかったから。	すべての写真が最初から鮮明だったから。	お金をまったく使わなかったから。	失敗という単語を知らなかったから。	実験を一回しかしていないから。	風船を使わなかったから。	うまくいかない時でも、毎回そこから学びや発見があったから。	うまくいかない時でも、毎回そこから学びや発見があったから。	新しい発見があれば、失敗も次の成功につながる経験になります。						
communication	コミュニケーション英語 / Communication English	Practice Communication English lessons and units.	ec2-4	英コミュ2.4 / P.32-33 Review	Practice vocabulary, reading comprehension, and expressions for the exam.	ec2-4-q10	multiple-choice	failure の意味として最も近いものを選びなさい。	失敗	発見	回収	規模	達成	継続	打ち上げ	努力	失敗	失敗	failure は 失敗 という意味です。						
communication	コミュニケーション英語 / Communication English	Practice Communication English lessons and units.	ec2-4	英コミュ2.4 / P.32-33 Review	Practice vocabulary, reading comprehension, and expressions for the exam.	ec2-4-q11	multiple-choice	Success requires continuous rethinking. の意味として最も近いものを選びなさい。	成功には、何度も考え直し続けることが必要だ。	成功には、大きなお金だけが必要だ。	成功には、一度考えたら変えないことが必要だ。	成功には、失敗を完全に忘れることが必要だ。	成功には、他人の夢を追うことが必要だ。	成功には、挑戦をやめることが必要だ。	成功には、カメラを毎回なくすことが必要だ。	成功には、発明を大規模にすることだけが必要だ。	成功には、何度も考え直し続けることが必要だ。	成功には、何度も考え直し続けることが必要だ。	require は 必要とする、continuous rethinking は 継続的に考え直すこと です。						
communication	コミュニケーション英語 / Communication English	Practice Communication English lessons and units.	ec2-4	英コミュ2.4 / P.32-33 Review	Practice vocabulary, reading comprehension, and expressions for the exam.	ec2-4-q12	multiple-choice	continuous の意味として最も近いものを選びなさい。	継続的な	一度だけの	完全に失敗した	大規模な	手に入る	回収された	達成可能な	真っ暗な	継続的な	継続的な	continuous は 継続的な、続いている という意味です。						
communication	コミュニケーション英語 / Communication English	Practice Communication English lessons and units.	ec2-4	英コミュ2.4 / P.32-33 Review	Practice vocabulary, reading comprehension, and expressions for the exam.	ec2-4-q13	multiple-choice	achievable の意味として最も近いものを選びなさい。	達成可能な	手に入らない	大規模な	ぼやけた	失敗した	回収された	真っ暗な	手作りの	達成可能な	達成可能な	achievable は 達成可能な という意味です。						
communication	コミュニケーション英語 / Communication English	Practice Communication English lessons and units.	ec2-4	英コミュ2.4 / P.32-33 Review	Practice vocabulary, reading comprehension, and expressions for the exam.	ec2-4-q14	multiple-choice	本文の内容に合うものを選びなさい: 岩谷さんが若い人たちに伝えたいこととして最も合うものはどれですか。	夢は達成可能であり、あきらめずに追い続けてほしい。	夢は大きな会社がなければ絶対に達成できない。	失敗したらすぐに夢を変えたほうがよい。	発明には必ずロケットと宇宙飛行士が必要である。	身近なものでは何も作れない。	夢よりも映画を見ることだけが大切である。			夢は達成可能であり、あきらめずに追い続けてほしい。	夢は達成可能であり、あきらめずに追い続けてほしい。	岩谷さんは、夢は実現できるもので、若い人に夢を追ってほしいと伝えています。						
communication	コミュニケーション英語 / Communication English	Practice Communication English lessons and units.	ec2-4	英コミュ2.4 / P.32-33 Review	Practice vocabulary, reading comprehension, and expressions for the exam.	ec2-4-q15	multiple-choice	本文の内容に合うものを選びなさい: 岩谷さんの次のプロジェクトは何ですか。	balloon space travel	a time machine	a movie about Dr. Brown	a new home improvement store	an anime pilgrimage website	a rocket school for pilots	a bridge to Sasebo	a camera museum only	balloon space travel	balloon space travel	岩谷さんは次のプロジェクトとして balloon space travel に取り組んでいます。						
communication	コミュニケーション英語 / Communication English	Practice Communication English lessons and units.	ec2-4	英コミュ2.4 / P.32-33 Review	Practice vocabulary, reading comprehension, and expressions for the exam.	ec2-4-q16	multiple-choice	be likely to continue の意味として最も近いものを選びなさい。	続く可能性が高い	すぐ終わる必要がある	一度だけ行われる	失敗として扱われる	回収される	手に入る	大規模に発明される	考え直されない	続く可能性が高い	続く可能性が高い	be likely to do は ～する可能性が高い、～しそうである という意味です。						
communication	コミュニケーション英語 / Communication English	Practice Communication English lessons and units.	ec2-4	英コミュ2.4 / P.32-33 Review	Practice vocabulary, reading comprehension, and expressions for the exam.	ec2-4-q17	fill-in-the-blank	空所に最も合う語を入れなさい: Success requires continuous _____. 考え直すこと									rethinking	rethinking	rethinking は 考え直すこと、再考 という意味です。						
communication	コミュニケーション英語 / Communication English	Practice Communication English lessons and units.	ec2-4	英コミュ2.4 / P.32-33 Review	Practice vocabulary, reading comprehension, and expressions for the exam.	ec2-4-q18	fill-in-the-blank	空所に最も合う語を入れなさい: Dreams are _____ things. 達成可能な									achievable	achievable	achievable は 達成可能な という意味です。						
communication	コミュニケーション英語 / Communication English	Practice Communication English lessons and units.	ec2-4	英コミュ2.4 / P.32-33 Review	Practice vocabulary, reading comprehension, and expressions for the exam.	ec2-4-q19	fill-in-the-blank	空所に最も合う語を入れなさい: Iwaya made the most of things _____ around him. 手に入る									available	available	available は 手に入る、利用できる という意味です。						
communication	コミュニケーション英語 / Communication English	Practice Communication English lessons and units.	ec2-4	英コミュ2.4 / P.32-33 Review	Practice vocabulary, reading comprehension, and expressions for the exam.	ec2-4-q20	true-false	本文の内容と合っていれば TRUE、違っていれば FALSE を選びなさい: Iwaya’s message is that people should give up quickly if an attempt does not go well.									FALSE		岩谷さんのメッセージは、考え直し続け、あきらめないことの大切さです。						
logic-expression	論理・表現 / Logic and Expression	Practice Logic and Expression lessons and units.	logic-expression-present-simple	現在形 / Simple Present	Practice facts, habits, routines, and present states.	present-simple-q01	multiple-choice	正しい英文を選びなさい。	My brother play tennis on Sundays.	My brother is plays tennis on Sundays.	My brother plays tennis on Sundays.	My brother playing tennis on Sundays.					My brother plays tennis on Sundays.	My brother plays tennis on Sundays.	主語が三人称単数のとき、現在形の一般動詞には s を付けます。						
logic-expression	論理・表現 / Logic and Expression	Practice Logic and Expression lessons and units.	logic-expression-present-simple	現在形 / Simple Present	Practice facts, habits, routines, and present states.	present-simple-q02	multiple-choice	日本語に合う英文を選びなさい: 私たちの教室は三階にあります。	Our classroom are on the third floor.	Our classroom is on the third floor.	Our classroom be on the third floor.	Our classroom on the third floor.					Our classroom is on the third floor.	Our classroom is on the third floor.	単数の主語 our classroom には be 動詞 is を使います。						
logic-expression	論理・表現 / Logic and Expression	Practice Logic and Expression lessons and units.	logic-expression-present-simple	現在形 / Simple Present	Practice facts, habits, routines, and present states.	present-simple-q03	multiple-choice	この英文は何形ですか: They eat lunch at 12:30.	過去形	現在形	現在進行形	過去進行形					現在形	現在形	eat は現在形で、習慣や日課を表せます。						
logic-expression	論理・表現 / Logic and Expression	Practice Logic and Expression lessons and units.	logic-expression-present-simple	現在形 / Simple Present	Practice facts, habits, routines, and present states.	present-simple-q04	multiple-choice	この英文の現在形の役割として最も合うものを選びなさい: The earth goes around the sun.	今している途中の動作	昨日の一回の行動	過去の習慣	事実や不変の真理					事実や不変の真理	事実や不変の真理	現在形は事実や一般的な真理を表せます。						
logic-expression	論理・表現 / Logic and Expression	Practice Logic and Expression lessons and units.	logic-expression-present-simple	現在形 / Simple Present	Practice facts, habits, routines, and present states.	present-simple-q05	multiple-choice	日本語に合う英文を選びなさい: ユイは朝にコーヒーを飲みません。	Yui does not drinks coffee in the morning.	Yui not drink coffee in the morning.	Yui is not drink coffee in the morning.	Yui does not drink coffee in the morning.					Yui does not drink coffee in the morning.	Yui does not drink coffee in the morning.	does not の後ろは動詞の原形 drink にします。						
logic-expression	論理・表現 / Logic and Expression	Practice Logic and Expression lessons and units.	logic-expression-present-simple	現在形 / Simple Present	Practice facts, habits, routines, and present states.	present-simple-q06	fill-in-the-blank	日本語に合うように、空所に適切な形を入れなさい: Emi _____ English every day. エミは毎日英語を勉強します。 study									studies		主語が三人称単数のとき、study は studies になります。						
logic-expression	論理・表現 / Logic and Expression	Practice Logic and Expression lessons and units.	logic-expression-present-simple	現在形 / Simple Present	Practice facts, habits, routines, and present states.	present-simple-q07	fill-in-the-blank	日本語に合うように、空所に be 動詞を入れなさい: This bag _____ heavy. このかばんは重いです。									is		単数の this bag には is を使います。						
logic-expression	論理・表現 / Logic and Expression	Practice Logic and Expression lessons and units.	logic-expression-present-simple	現在形 / Simple Present	Practice facts, habits, routines, and present states.	present-simple-q08	fill-in-the-blank	日本語に合うように、空所に be 動詞を入れなさい: My parents _____ busy on weekdays. 私の両親は平日は忙しいです。									are		複数の my parents には are を使います。						
logic-expression	論理・表現 / Logic and Expression	Practice Logic and Expression lessons and units.	logic-expression-present-simple	現在形 / Simple Present	Practice facts, habits, routines, and present states.	present-simple-q09	fill-in-the-blank	日本語に合うように、空所に適切な形を入れなさい: He _____ his room on Sundays. 彼は日曜日に部屋を掃除します。 clean									cleans		主語が he のとき、現在形の一般動詞には s を付けます。						
logic-expression	論理・表現 / Logic and Expression	Practice Logic and Expression lessons and units.	logic-expression-present-simple	現在形 / Simple Present	Practice facts, habits, routines, and present states.	present-simple-q10	fill-in-the-blank	日本語に合うように、空所に do か does を入れなさい: _____ your sister play the piano? あなたのお姉さんはピアノを弾きますか。									does	Does	主語が your sister の疑問文では does を使い、動詞は原形にします。						
logic-expression	論理・表現 / Logic and Expression	Practice Logic and Expression lessons and units.	logic-expression-present-simple	現在形 / Simple Present	Practice facts, habits, routines, and present states.	present-simple-q11	fill-in-the-blank	並べかえて、英文を完成させなさい: video games / after dinner / plays / usually / my brother. _____									my brother usually plays video games after dinner	My brother usually plays video games after dinner.;my brother usually plays video games after dinner.	頻度を表す usually はふつう一般動詞の前に置きます。						
logic-expression	論理・表現 / Logic and Expression	Practice Logic and Expression lessons and units.	logic-expression-present-simple	現在形 / Simple Present	Practice facts, habits, routines, and present states.	present-simple-q12	fill-in-the-blank	並べかえて、英文を完成させなさい: in the room / three students / are / there. _____									there are three students in the room	There are three students in the room.;there are three students in the room.	複数名詞 three students には there are を使います。						
logic-expression	論理・表現 / Logic and Expression	Practice Logic and Expression lessons and units.	logic-expression-present-simple	現在形 / Simple Present	Practice facts, habits, routines, and present states.	present-simple-q13	true-false	正誤問題: 「He go to school by bus」は正しい現在形の英文である。									FALSE		he が主語なので、go ではなく goes を使います。						
logic-expression	論理・表現 / Logic and Expression	Practice Logic and Expression lessons and units.	logic-expression-present-simple	現在形 / Simple Present	Practice facts, habits, routines, and present states.	present-simple-q14	true-false	正誤問題: 「My aunt works at a hospital」は現在形の英文である。									TRUE		works は三人称単数の現在形です。						
logic-expression	論理・表現 / Logic and Expression	Practice Logic and Expression lessons and units.	logic-expression-present-simple	現在形 / Simple Present	Practice facts, habits, routines, and present states.	present-simple-q15	multiple-choice	この英文の現在形の役割として最も合うものを選びなさい: Riku often writes in his diary.	習慣や反復動作	過去の一回の行動	今している途中の動作	過去の途中の動作					習慣や反復動作	習慣や反復動作	often があるので、習慣や反復動作を表します。						
logic-expression	論理・表現 / Logic and Expression	Practice Logic and Expression lessons and units.	logic-expression-past-simple	過去形 / Simple Past	Practice past actions, past states, and past habits.	past-simple-q01	multiple-choice	正しい英文を選びなさい。	We watch a movie last night.	We watched a movie last night.	We watches a movie last night.	We were watch a movie last night.					We watched a movie last night.	We watched a movie last night.	last night があるので、動詞は過去形 watched にします。						
logic-expression	論理・表現 / Logic and Expression	Practice Logic and Expression lessons and units.	logic-expression-past-simple	過去形 / Simple Past	Practice past actions, past states, and past habits.	past-simple-q02	multiple-choice	日本語に合う英文を選びなさい: 彼女は昨日宿題をしました。	She does her homework yesterday.	She do her homework yesterday.	She dids her homework yesterday.	She did her homework yesterday.					She did her homework yesterday.	She did her homework yesterday.	yesterday があるので、do の過去形 did を使います。						
logic-expression	論理・表現 / Logic and Expression	Practice Logic and Expression lessons and units.	logic-expression-past-simple	過去形 / Simple Past	Practice past actions, past states, and past habits.	past-simple-q03	multiple-choice	この英文は何形ですか: Haru visited his grandmother last weekend.	現在形	現在進行形	過去進行形	未来形	過去形	現在完了形	過去完了形	未来進行形	過去形	過去形	visited は visit の過去形です。						
logic-expression	論理・表現 / Logic and Expression	Practice Logic and Expression lessons and units.	logic-expression-past-simple	過去形 / Simple Past	Practice past actions, past states, and past habits.	past-simple-q04	multiple-choice	この英文の過去形の役割として最も合うものを選びなさい: I was nervous before the speech.	過去の状態	現在の習慣	今している途中の動作	未来の予定					過去の状態	過去の状態	was は be 動詞の過去形で、過去の状態を表します。						
logic-expression	論理・表現 / Logic and Expression	Practice Logic and Expression lessons and units.	logic-expression-past-simple	過去形 / Simple Past	Practice past actions, past states, and past habits.	past-simple-q05	multiple-choice	正しい否定文を選びなさい。	They did not played soccer yesterday.	They not played soccer yesterday.	They did not play soccer yesterday.	They were not play soccer yesterday.					They did not play soccer yesterday.	They did not play soccer yesterday.	did not の後ろは動詞の原形 play にします。						
logic-expression	論理・表現 / Logic and Expression	Practice Logic and Expression lessons and units.	logic-expression-past-simple	過去形 / Simple Past	Practice past actions, past states, and past habits.	past-simple-q06	fill-in-the-blank	日本語に合うように、空所に適切な形を入れなさい: Aoi _____ tennis yesterday. アオイは昨日テニスをしました。 play									played		yesterday があるので、play を過去形 played にします。						
logic-expression	論理・表現 / Logic and Expression	Practice Logic and Expression lessons and units.	logic-expression-past-simple	過去形 / Simple Past	Practice past actions, past states, and past habits.	past-simple-q07	fill-in-the-blank	日本語に合うように、空所に be 動詞の過去形を入れなさい: We _____ tired after the game. 私たちは試合の後、疲れていました。									were	Were	主語が we なので、be 動詞の過去形は were です。						
logic-expression	論理・表現 / Logic and Expression	Practice Logic and Expression lessons and units.	logic-expression-past-simple	過去形 / Simple Past	Practice past actions, past states, and past habits.	past-simple-q08	fill-in-the-blank	日本語に合うように、空所に be 動詞の過去形を入れなさい: My brother _____ at home last night. 私の兄は昨夜家にいました。									was		主語が my brother なので、be 動詞の過去形は was です。						
logic-expression	論理・表現 / Logic and Expression	Practice Logic and Expression lessons and units.	logic-expression-past-simple	過去形 / Simple Past	Practice past actions, past states, and past habits.	past-simple-q09	fill-in-the-blank	日本語に合うように、空所に適切な形を入れなさい: She _____ a letter to her friend last week. 彼女は先週友だちに手紙を書きました。 write									wrote		write の過去形は wrote です。						
logic-expression	論理・表現 / Logic and Expression	Practice Logic and Expression lessons and units.	logic-expression-past-simple	過去形 / Simple Past	Practice past actions, past states, and past habits.	past-simple-q10	fill-in-the-blank	日本語に合うように、空所に Did か Do を入れなさい: _____ you clean your room yesterday? あなたは昨日部屋を掃除しましたか。									Did	did	過去の疑問文では Did を文の最初に置き、動詞は原形にします。						
logic-expression	論理・表現 / Logic and Expression	Practice Logic and Expression lessons and units.	logic-expression-past-simple	過去形 / Simple Past	Practice past actions, past states, and past habits.	past-simple-q11	fill-in-the-blank	並べかえて、英文を完成させなさい: the museum / we / last Sunday / visited. _____									we visited the museum last sunday	We visited the museum last Sunday.;We visited the museum last Sunday.;we visited the museum last sunday.	過去の行動なので、visited を使います。						
logic-expression	論理・表現 / Logic and Expression	Practice Logic and Expression lessons and units.	logic-expression-past-simple	過去形 / Simple Past	Practice past actions, past states, and past habits.	past-simple-q12	fill-in-the-blank	並べかえて、英文を完成させなさい: breakfast / not / this morning / Ken / did / eat. _____									ken did not eat breakfast this morning	Ken did not eat breakfast this morning.;Ken did not eat breakfast this morning.;ken did not eat breakfast this morning.	過去の否定文は did not ＋ 動詞の原形です。						
logic-expression	論理・表現 / Logic and Expression	Practice Logic and Expression lessons and units.	logic-expression-past-simple	過去形 / Simple Past	Practice past actions, past states, and past habits.	past-simple-q13	true-false	正誤問題: 「I goed to the library yesterday」は正しい過去形の英文である。									FALSE		go の過去形は goed ではなく went です。						
logic-expression	論理・表現 / Logic and Expression	Practice Logic and Expression lessons and units.	logic-expression-past-simple	過去形 / Simple Past	Practice past actions, past states, and past habits.	past-simple-q14	true-false	正誤問題: 「She was happy yesterday」は過去形の英文である。									TRUE		was は be 動詞の過去形です。						
logic-expression	論理・表現 / Logic and Expression	Practice Logic and Expression lessons and units.	logic-expression-past-simple	過去形 / Simple Past	Practice past actions, past states, and past habits.	past-simple-q15	multiple-choice	この英文は何形ですか: Did they practice after school yesterday?	現在完了形	現在進行形	過去完了形	過去進行形	未来形	過去形	現在形	未来進行形	過去形	過去形	Did から始まる疑問文で、yesterday もあるので過去形です。						
logic-expression	論理・表現 / Logic and Expression	Practice Logic and Expression lessons and units.	logic-expression-present-progressive	現在進行形 / Present Progressive	Practice be verbs and verb-ing forms for actions happening now or around now.	present-progressive-q01	multiple-choice	正しい英文を選びなさい。	The students cleaning the classroom now.	The students are cleaning the classroom now.	The students clean the classroom now.	The students are clean the classroom now.					The students are cleaning the classroom now.	The students are cleaning the classroom now.	現在進行形は be 動詞 ＋ 動詞ing で作ります。						
logic-expression	論理・表現 / Logic and Expression	Practice Logic and Expression lessons and units.	logic-expression-present-progressive	現在進行形 / Present Progressive	Practice be verbs and verb-ing forms for actions happening now or around now.	present-progressive-q02	multiple-choice	日本語に合う英文を選びなさい: 私の妹はいまピアノを弾いています。	My sister plays the piano now.	My sister is play the piano now.	My sister playing the piano now.	My sister is playing the piano now.					My sister is playing the piano now.	My sister is playing the piano now.	主語が my sister なので is playing を使います。						
logic-expression	論理・表現 / Logic and Expression	Practice Logic and Expression lessons and units.	logic-expression-present-progressive	現在進行形 / Present Progressive	Practice be verbs and verb-ing forms for actions happening now or around now.	present-progressive-q03	multiple-choice	この英文は何形ですか: They are talking in the hallway.	現在形	過去形	現在進行形	過去進行形	現在完了形	未来形	過去完了形	未来進行形	現在進行形	現在進行形	are talking は be 動詞 ＋ 動詞ing の形です。						
logic-expression	論理・表現 / Logic and Expression	Practice Logic and Expression lessons and units.	logic-expression-present-progressive	現在進行形 / Present Progressive	Practice be verbs and verb-ing forms for actions happening now or around now.	present-progressive-q04	multiple-choice	この英文の現在進行形の役割として最も合うものを選びなさい: It is raining now.	今している途中の動作	過去の一回の行動	毎日の習慣	未来の完了					今している途中の動作	今している途中の動作	now があるので、今起こっている動作を表します。						
logic-expression	論理・表現 / Logic and Expression	Practice Logic and Expression lessons and units.	logic-expression-present-progressive	現在進行形 / Present Progressive	Practice be verbs and verb-ing forms for actions happening now or around now.	present-progressive-q05	multiple-choice	正しい否定文を選びなさい。	He not is watching TV now.	He is watching not TV now.	He is not watching TV now.	He does not watching TV now.					He is not watching TV now.	He is not watching TV now.	現在進行形の否定文は be 動詞 ＋ not ＋ 動詞ing です。						
logic-expression	論理・表現 / Logic and Expression	Practice Logic and Expression lessons and units.	logic-expression-present-progressive	現在進行形 / Present Progressive	Practice be verbs and verb-ing forms for actions happening now or around now.	present-progressive-q06	fill-in-the-blank	日本語に合うように、空所に be 動詞を入れなさい: Sora _____ reading a book now. ソラはいま本を読んでいます。									is		主語が Sora なので is を使います。						
logic-expression	論理・表現 / Logic and Expression	Practice Logic and Expression lessons and units.	logic-expression-present-progressive	現在進行形 / Present Progressive	Practice be verbs and verb-ing forms for actions happening now or around now.	present-progressive-q07	fill-in-the-blank	日本語に合うように、空所に動詞の ing 形を入れなさい: They are _____ English now. 彼らはいま英語を勉強しています。 study									studying		study の ing 形は studying です。						
logic-expression	論理・表現 / Logic and Expression	Practice Logic and Expression lessons and units.	logic-expression-present-progressive	現在進行形 / Present Progressive	Practice be verbs and verb-ing forms for actions happening now or around now.	present-progressive-q08	fill-in-the-blank	日本語に合うように、空所に be 動詞を入れなさい: I _____ writing a report now. 私はいまレポートを書いています。									am		主語が I の現在進行形では am を使います。						
logic-expression	論理・表現 / Logic and Expression	Practice Logic and Expression lessons and units.	logic-expression-present-progressive	現在進行形 / Present Progressive	Practice be verbs and verb-ing forms for actions happening now or around now.	present-progressive-q09	fill-in-the-blank	日本語に合うように、空所に動詞の ing 形を入れなさい: We are _____ lunch in the classroom now. 私たちはいま教室で昼食を食べています。 eat									eating		eat の ing 形は eating です。						
logic-expression	論理・表現 / Logic and Expression	Practice Logic and Expression lessons and units.	logic-expression-present-progressive	現在進行形 / Present Progressive	Practice be verbs and verb-ing forms for actions happening now or around now.	present-progressive-q10	fill-in-the-blank	日本語に合うように、空所に Is か Are を入れなさい: _____ your friends waiting outside now? あなたの友だちはいま外で待っていますか。									Are	are	複数の your friends には are を使います。						
logic-expression	論理・表現 / Logic and Expression	Practice Logic and Expression lessons and units.	logic-expression-present-progressive	現在進行形 / Present Progressive	Practice be verbs and verb-ing forms for actions happening now or around now.	present-progressive-q11	fill-in-the-blank	並べかえて、英文を完成させなさい: a video / Mei / now / is / watching. _____									mei is watching a video now	Mei is watching a video now.;mei is watching a video now.	現在進行形は主語 ＋ be 動詞 ＋ 動詞ing の順にします。						
logic-expression	論理・表現 / Logic and Expression	Practice Logic and Expression lessons and units.	logic-expression-present-progressive	現在進行形 / Present Progressive	Practice be verbs and verb-ing forms for actions happening now or around now.	present-progressive-q12	fill-in-the-blank	並べかえて、英文を完成させなさい: soccer / now / the children / in the park / playing / are. _____									the children are playing soccer in the park now	The children are playing soccer in the park now.;the children are playing soccer in the park now.	複数の主語 the children には are を使います。						
logic-expression	論理・表現 / Logic and Expression	Practice Logic and Expression lessons and units.	logic-expression-present-progressive	現在進行形 / Present Progressive	Practice be verbs and verb-ing forms for actions happening now or around now.	present-progressive-q13	true-false	正誤問題: 「I am study English now」は正しい現在進行形の英文である。									FALSE		現在進行形では study ではなく studying を使います。						
logic-expression	論理・表現 / Logic and Expression	Practice Logic and Expression lessons and units.	logic-expression-present-progressive	現在進行形 / Present Progressive	Practice be verbs and verb-ing forms for actions happening now or around now.	present-progressive-q14	true-false	正誤問題: 「They are making lunch now」は現在進行形の英文である。									TRUE		are making は be 動詞 ＋ 動詞ing の形です。						
logic-expression	論理・表現 / Logic and Expression	Practice Logic and Expression lessons and units.	logic-expression-present-progressive	現在進行形 / Present Progressive	Practice be verbs and verb-ing forms for actions happening now or around now.	present-progressive-q15	multiple-choice	この英文は何形ですか: Is Nana writing an email now?	未来形	現在完了形	過去進行形	現在形	現在進行形	過去形	未来進行形	過去完了形	現在進行形	現在進行形	Is writing は現在進行形の疑問文です。						
logic-expression	論理・表現 / Logic and Expression	Practice Logic and Expression lessons and units.	logic-expression-past-progressive	過去進行形 / Past Progressive	Practice was/were and verb-ing forms for actions happening at a time in the past.	past-progressive-q01	multiple-choice	正しい英文を選びなさい。	She reading a book at eight.	She was reading a book at eight.	She read a book at eight now.	She were reading a book at eight.					She was reading a book at eight.	She was reading a book at eight.	過去進行形は was または were ＋ 動詞ing で作ります。						
logic-expression	論理・表現 / Logic and Expression	Practice Logic and Expression lessons and units.	logic-expression-past-progressive	過去進行形 / Past Progressive	Practice was/were and verb-ing forms for actions happening at a time in the past.	past-progressive-q02	multiple-choice	日本語に合う英文を選びなさい: 彼らはその時サッカーをしていました。	They played soccer then.	They are playing soccer then.	They were play soccer then.	They were playing soccer then.					They were playing soccer then.	They were playing soccer then.	主語が they なので were playing を使います。						
logic-expression	論理・表現 / Logic and Expression	Practice Logic and Expression lessons and units.	logic-expression-past-progressive	過去進行形 / Past Progressive	Practice was/were and verb-ing forms for actions happening at a time in the past.	past-progressive-q03	multiple-choice	この英文は何形ですか: I was cooking dinner at seven.	現在形	現在進行形	未来形	過去進行形	過去形	現在完了形	過去完了形	未来進行形	過去進行形	過去進行形	was cooking は was ＋ 動詞ing の形です。						
logic-expression	論理・表現 / Logic and Expression	Practice Logic and Expression lessons and units.	logic-expression-past-progressive	過去進行形 / Past Progressive	Practice was/were and verb-ing forms for actions happening at a time in the past.	past-progressive-q04	multiple-choice	この英文の過去進行形の役割として最も合うものを選びなさい: We were waiting for the bus at that time.	毎日の習慣	過去の一回の行動	過去のある時点で進行中だった動作	未来の予定					過去のある時点で進行中だった動作	過去のある時点で進行中だった動作	at that time があるので、過去のその時に進行中だった動作を表します。						
logic-expression	論理・表現 / Logic and Expression	Practice Logic and Expression lessons and units.	logic-expression-past-progressive	過去進行形 / Past Progressive	Practice was/were and verb-ing forms for actions happening at a time in the past.	past-progressive-q05	multiple-choice	正しい否定文を選びなさい。	He was not watching TV at that time.	He did not watching TV at that time.	He was not watch TV at that time.	He were not watching TV at that time.					He was not watching TV at that time.	He was not watching TV at that time.	過去進行形の否定文は was または were ＋ not ＋ 動詞ing です。						
logic-expression	論理・表現 / Logic and Expression	Practice Logic and Expression lessons and units.	logic-expression-past-progressive	過去進行形 / Past Progressive	Practice was/were and verb-ing forms for actions happening at a time in the past.	past-progressive-q06	fill-in-the-blank	日本語に合うように、空所に be 動詞の過去形を入れなさい: Yuta _____ studying at eight. ユウタは8時に勉強していました。									was		主語が Yuta なので was を使います。						
logic-expression	論理・表現 / Logic and Expression	Practice Logic and Expression lessons and units.	logic-expression-past-progressive	過去進行形 / Past Progressive	Practice was/were and verb-ing forms for actions happening at a time in the past.	past-progressive-q07	fill-in-the-blank	日本語に合うように、空所に be 動詞の過去形を入れなさい: We _____ cleaning the classroom then. 私たちはその時、教室を掃除していました。									were		主語が we なので were を使います。						
logic-expression	論理・表現 / Logic and Expression	Practice Logic and Expression lessons and units.	logic-expression-past-progressive	過去進行形 / Past Progressive	Practice was/were and verb-ing forms for actions happening at a time in the past.	past-progressive-q08	fill-in-the-blank	日本語に合うように、空所に動詞の ing 形を入れなさい: Miki was _____ a diary then. ミキはその時、日記を書いていました。 write									writing		write の ing 形は writing です。						
logic-expression	論理・表現 / Logic and Expression	Practice Logic and Expression lessons and units.	logic-expression-past-progressive	過去進行形 / Past Progressive	Practice was/were and verb-ing forms for actions happening at a time in the past.	past-progressive-q09	fill-in-the-blank	日本語に合うように、空所に not を入れなさい: They were _____ listening to music at that time. 彼らはその時、音楽を聞いていませんでした。									not		過去進行形の否定文では was または were の後ろに not を置きます。						
logic-expression	論理・表現 / Logic and Expression	Practice Logic and Expression lessons and units.	logic-expression-past-progressive	過去進行形 / Past Progressive	Practice was/were and verb-ing forms for actions happening at a time in the past.	past-progressive-q10	fill-in-the-blank	日本語に合うように、空所に Was か Were を入れなさい: _____ your mother working at six? あなたのお母さんは6時に働いていましたか。									Was	was	単数の your mother には Was を使います。						
logic-expression	論理・表現 / Logic and Expression	Practice Logic and Expression lessons and units.	logic-expression-past-progressive	過去進行形 / Past Progressive	Practice was/were and verb-ing forms for actions happening at a time in the past.	past-progressive-q11	fill-in-the-blank	並べかえて、英文を完成させなさい: her homework / Emi / doing / was / at eight. _____									emi was doing her homework at eight	Emi was doing her homework at eight;Emi was doing her homework at eight.;emi was doing her homework at eight.	過去進行形は主語 ＋ was または were ＋ 動詞ing の順にします。						
logic-expression	論理・表現 / Logic and Expression	Practice Logic and Expression lessons and units.	logic-expression-past-progressive	過去進行形 / Past Progressive	Practice was/were and verb-ing forms for actions happening at a time in the past.	past-progressive-q12	fill-in-the-blank	並べかえて、英文を完成させなさい: then / reading / were / in the library / the students. _____									the students were reading in the library then	The students were reading in the library then;The students were reading in the library then.;the students were reading in the library then.	複数の主語 the students には were を使います。						
logic-expression	論理・表現 / Logic and Expression	Practice Logic and Expression lessons and units.	logic-expression-past-progressive	過去進行形 / Past Progressive	Practice was/were and verb-ing forms for actions happening at a time in the past.	past-progressive-q13	true-false	正誤問題: 「I was play tennis at five」は正しい過去進行形の英文である。									FALSE		過去進行形では play ではなく playing を使います。						
logic-expression	論理・表現 / Logic and Expression	Practice Logic and Expression lessons and units.	logic-expression-past-progressive	過去進行形 / Past Progressive	Practice was/were and verb-ing forms for actions happening at a time in the past.	past-progressive-q14	true-false	正誤問題: 「They were studying when I called」は過去進行形を含む英文である。									TRUE		were studying は過去進行形です。						
logic-expression	論理・表現 / Logic and Expression	Practice Logic and Expression lessons and units.	logic-expression-past-progressive	過去進行形 / Past Progressive	Practice was/were and verb-ing forms for actions happening at a time in the past.	past-progressive-q15	multiple-choice	この英文は何形ですか: Were you sleeping when I sent the message?	現在完了形	過去進行形	未来形	現在形	過去形	現在進行形	過去完了形	未来進行形	過去進行形	過去進行形	Were sleeping は過去進行形の疑問文です。						
logic-expression	論理・表現 / Logic and Expression	Practice Logic and Expression lessons and units.	logic-expression-future-forms	未来表現 / Future Forms	Practice will and be going to for future plans, predictions, and decisions.	future-forms-q01	multiple-choice	正しい英文を選びなさい。	I going to study tonight.	I am study tonight.	I will studying tonight.	I will study tonight.					I will study tonight.	I will study tonight.	will の後ろは動詞の原形にします。						
logic-expression	論理・表現 / Logic and Expression	Practice Logic and Expression lessons and units.	logic-expression-future-forms	未来表現 / Future Forms	Practice will and be going to for future plans, predictions, and decisions.	future-forms-q02	multiple-choice	日本語に合う英文を選びなさい: 私たちは明日図書館に行く予定です。	We are going to go to the library tomorrow.	We going to go to the library tomorrow.	We are go to the library tomorrow.	We went to the library tomorrow.					We are going to go to the library tomorrow.	We are going to go to the library tomorrow.	予定を表すときは be going to ＋ 動詞の原形を使えます。						
logic-expression	論理・表現 / Logic and Expression	Practice Logic and Expression lessons and units.	logic-expression-future-forms	未来表現 / Future Forms	Practice will and be going to for future plans, predictions, and decisions.	future-forms-q03	multiple-choice	この英文は何形ですか: I will call you tonight.	現在形	過去形	現在進行形	過去進行形	現在完了形	未来表現	過去完了形	未来進行形	未来表現	未来表現	will ＋ 動詞の原形は未来のことを表します。						
logic-expression	論理・表現 / Logic and Expression	Practice Logic and Expression lessons and units.	logic-expression-future-forms	未来表現 / Future Forms	Practice will and be going to for future plans, predictions, and decisions.	future-forms-q04	multiple-choice	この英文の未来表現の役割として最も合うものを選びなさい: It is going to rain soon.	過去の状態	毎日の習慣	今している途中の動作	過去の一回の行動	これから起こりそうな予測	現在の事実			これから起こりそうな予測	これから起こりそうな予測	be going to は根拠のある予測を表せます。						
logic-expression	論理・表現 / Logic and Expression	Practice Logic and Expression lessons and units.	logic-expression-future-forms	未来表現 / Future Forms	Practice will and be going to for future plans, predictions, and decisions.	future-forms-q05	multiple-choice	正しい否定文を選びなさい。	They will not staying home tomorrow.	They will not stay home tomorrow.	They do not will stay home tomorrow.	They are not will stay home tomorrow.					They will not stay home tomorrow.	They will not stay home tomorrow.	will の否定文は will not ＋ 動詞の原形です。						
logic-expression	論理・表現 / Logic and Expression	Practice Logic and Expression lessons and units.	logic-expression-future-forms	未来表現 / Future Forms	Practice will and be going to for future plans, predictions, and decisions.	future-forms-q06	fill-in-the-blank	日本語に合うように、空所に適切な語を入れなさい: I _____ help you after school. 私は放課後あなたを手伝います。									will		will の後ろは動詞の原形 help です。						
logic-expression	論理・表現 / Logic and Expression	Practice Logic and Expression lessons and units.	logic-expression-future-forms	未来表現 / Future Forms	Practice will and be going to for future plans, predictions, and decisions.	future-forms-q07	fill-in-the-blank	日本語に合うように、空所に going を入れて未来表現を完成させなさい: She is _____ to make dinner tonight. 彼女は今夜夕食を作る予定です。									going		be going to は予定を表せます。						
logic-expression	論理・表現 / Logic and Expression	Practice Logic and Expression lessons and units.	logic-expression-future-forms	未来表現 / Future Forms	Practice will and be going to for future plans, predictions, and decisions.	future-forms-q08	fill-in-the-blank	日本語に合うように、空所に be 動詞を入れなさい: We _____ going to visit Fukuoka next month. 私たちは来月福岡を訪れる予定です。									are		主語が we なので are going to を使います。						
logic-expression	論理・表現 / Logic and Expression	Practice Logic and Expression lessons and units.	logic-expression-future-forms	未来表現 / Future Forms	Practice will and be going to for future plans, predictions, and decisions.	future-forms-q09	fill-in-the-blank	日本語に合うように、空所に Will か Do を入れなさい: _____ you come to the meeting tomorrow? あなたは明日会議に来ますか。									Will	will	未来の疑問文では Will を文の最初に置けます。						
logic-expression	論理・表現 / Logic and Expression	Practice Logic and Expression lessons and units.	logic-expression-future-forms	未来表現 / Future Forms	Practice will and be going to for future plans, predictions, and decisions.	future-forms-q10	fill-in-the-blank	日本語に合うように、空所に適切な語を入れなさい: He is not _____ to join us tomorrow. 彼は明日私たちに参加しない予定です。									going		be going to の否定文では be 動詞の後ろに not を置きます。						
logic-expression	論理・表現 / Logic and Expression	Practice Logic and Expression lessons and units.	logic-expression-future-forms	未来表現 / Future Forms	Practice will and be going to for future plans, predictions, and decisions.	future-forms-q11	fill-in-the-blank	並べかえて、英文を完成させなさい: a test / will / tomorrow / take / the students. _____									the students will take a test tomorrow	The students will take a test tomorrow.;the students will take a test tomorrow.	will は主語の後ろ、動詞の原形の前に置きます。						
logic-expression	論理・表現 / Logic and Expression	Practice Logic and Expression lessons and units.	logic-expression-future-forms	未来表現 / Future Forms	Practice will and be going to for future plans, predictions, and decisions.	future-forms-q12	fill-in-the-blank	並べかえて、英文を完成させなさい: going to / Taku / call / is / his friend / tonight. _____									taku is going to call his friend tonight	Taku is going to call his friend tonight.;taku is going to call his friend tonight.	be going to の後ろは動詞の原形です。						
logic-expression	論理・表現 / Logic and Expression	Practice Logic and Expression lessons and units.	logic-expression-future-forms	未来表現 / Future Forms	Practice will and be going to for future plans, predictions, and decisions.	future-forms-q13	true-false	正誤問題: 「She will goes to Osaka next week」は正しい未来表現の英文である。									FALSE		will の後ろは goes ではなく go にします。						
logic-expression	論理・表現 / Logic and Expression	Practice Logic and Expression lessons and units.	logic-expression-future-forms	未来表現 / Future Forms	Practice will and be going to for future plans, predictions, and decisions.	future-forms-q14	true-false	正誤問題: 「We are going to practice after school」は未来表現を含む英文である。									TRUE		are going to practice は未来の予定を表します。						
logic-expression	論理・表現 / Logic and Expression	Practice Logic and Expression lessons and units.	logic-expression-future-forms	未来表現 / Future Forms	Practice will and be going to for future plans, predictions, and decisions.	future-forms-q15	multiple-choice	この英文は何形ですか: Are they going to clean the classroom tomorrow?	過去形	現在完了形	未来表現	現在形	過去進行形	現在進行形	過去完了形	未来進行形	未来表現	未来表現	are going to clean は未来の予定を表します。						
logic-expression	論理・表現 / Logic and Expression	Practice Logic and Expression lessons and units.	logic-expression-present-perfect	現在完了形 / Present Perfect	Practice have/has plus past participles for experience, completion, and continuation.	present-perfect-q01	multiple-choice	正しい英文を選びなさい。	I have finish my homework already.	I finished my homework already have.	I have finished my homework already.	I has finished my homework already.					I have finished my homework already.	I have finished my homework already.	現在完了形は have または has ＋ 過去分詞で作ります。						
logic-expression	論理・表現 / Logic and Expression	Practice Logic and Expression lessons and units.	logic-expression-present-perfect	現在完了形 / Present Perfect	Practice have/has plus past participles for experience, completion, and continuation.	present-perfect-q02	multiple-choice	日本語に合う英文を選びなさい: 彼女は3年間、壱岐に住んでいます。	She lives in Iki three years.	She has lived in Iki for three years.	She lived in Iki since three years.	She is lived in Iki for three years.					She has lived in Iki for three years.	She has lived in Iki for three years.	過去から今まで続いていることには現在完了形を使えます。						
logic-expression	論理・表現 / Logic and Expression	Practice Logic and Expression lessons and units.	logic-expression-present-perfect	現在完了形 / Present Perfect	Practice have/has plus past participles for experience, completion, and continuation.	present-perfect-q03	multiple-choice	この英文は何形ですか: I have seen this movie three times.	現在形	過去形	現在進行形	過去進行形	現在完了形	過去完了形	未来形	未来完了形	現在完了形	現在完了形	have seen は have ＋ 過去分詞の形です。						
logic-expression	論理・表現 / Logic and Expression	Practice Logic and Expression lessons and units.	logic-expression-present-perfect	現在完了形 / Present Perfect	Practice have/has plus past participles for experience, completion, and continuation.	present-perfect-q04	multiple-choice	この英文の現在完了形の役割として最も合うものを選びなさい: Have you ever visited Nara?	過去の一回の行動	今している途中の動作	経験	未来の予定	過去の途中の動作	現在の習慣			経験	経験	ever を使った現在完了形は経験をたずねることができます。						
logic-expression	論理・表現 / Logic and Expression	Practice Logic and Expression lessons and units.	logic-expression-present-perfect	現在完了形 / Present Perfect	Practice have/has plus past participles for experience, completion, and continuation.	present-perfect-q05	multiple-choice	この英文は何形ですか: She has not eaten breakfast yet.	過去完了形	現在完了形	現在形	過去形	未来形	現在進行形	過去進行形	未来完了形	現在完了形	現在完了形	has not eaten は has not ＋ 過去分詞の形です。						
logic-expression	論理・表現 / Logic and Expression	Practice Logic and Expression lessons and units.	logic-expression-present-perfect	現在完了形 / Present Perfect	Practice have/has plus past participles for experience, completion, and continuation.	present-perfect-q06	fill-in-the-blank	日本語に合うように、空所に適切な語を入れなさい: I _____ finished my report. 私はレポートを終えたところです。									have		主語が I なので have finished を使います。						
logic-expression	論理・表現 / Logic and Expression	Practice Logic and Expression lessons and units.	logic-expression-present-perfect	現在完了形 / Present Perfect	Practice have/has plus past participles for experience, completion, and continuation.	present-perfect-q07	fill-in-the-blank	日本語に合うように、空所に has か have を入れなさい: My brother _____ lost his key. 私の兄は鍵をなくしてしまいました。									has		主語が my brother なので has ＋ 過去分詞を使います。						
logic-expression	論理・表現 / Logic and Expression	Practice Logic and Expression lessons and units.	logic-expression-present-perfect	現在完了形 / Present Perfect	Practice have/has plus past participles for experience, completion, and continuation.	present-perfect-q08	fill-in-the-blank	日本語に合うように、空所に過去分詞を入れなさい: We have _____ this song before. 私たちは以前この歌を聞いたことがあります。 hear									heard		hear の過去分詞は heard です。						
logic-expression	論理・表現 / Logic and Expression	Practice Logic and Expression lessons and units.	logic-expression-present-perfect	現在完了形 / Present Perfect	Practice have/has plus past participles for experience, completion, and continuation.	present-perfect-q09	fill-in-the-blank	日本語に合うように、空所に過去分詞を入れなさい: He has _____ three books this month. 彼は今月3冊の本を読みました。 read									read		read の過去分詞は read ですが、発音は red になります。						
logic-expression	論理・表現 / Logic and Expression	Practice Logic and Expression lessons and units.	logic-expression-present-perfect	現在完了形 / Present Perfect	Practice have/has plus past participles for experience, completion, and continuation.	present-perfect-q10	fill-in-the-blank	日本語に合うように、空所に been か gone を入れなさい: Have you ever _____ to Okinawa? あなたは沖縄に行ったことがありますか。									been		経験を表す 行ったことがある には have been to を使います。						
logic-expression	論理・表現 / Logic and Expression	Practice Logic and Expression lessons and units.	logic-expression-present-perfect	現在完了形 / Present Perfect	Practice have/has plus past participles for experience, completion, and continuation.	present-perfect-q11	fill-in-the-blank	並べかえて、英文を完成させなさい: eaten / natto / never / have / I. _____									i have never eaten natto	I have never eaten natto.;i have never eaten natto.	never は have と過去分詞の間に置きます。						
logic-expression	論理・表現 / Logic and Expression	Practice Logic and Expression lessons and units.	logic-expression-present-perfect	現在完了形 / Present Perfect	Practice have/has plus past participles for experience, completion, and continuation.	present-perfect-q12	fill-in-the-blank	並べかえて、英文を完成させなさい: since April / Hana / lived / has / in Iki. _____									hana has lived in iki since april	Hana has lived in Iki since April.;hana has lived in iki since april.	since は始まった時点を表し、現在完了形とよく使います。						
logic-expression	論理・表現 / Logic and Expression	Practice Logic and Expression lessons and units.	logic-expression-present-perfect	現在完了形 / Present Perfect	Practice have/has plus past participles for experience, completion, and continuation.	present-perfect-q13	true-false	正誤問題: 「I have went to Tokyo twice」は正しい現在完了形の英文である。									FALSE		have の後ろは過去形 went ではなく過去分詞 been または gone を使います。						
logic-expression	論理・表現 / Logic and Expression	Practice Logic and Expression lessons and units.	logic-expression-present-perfect	現在完了形 / Present Perfect	Practice have/has plus past participles for experience, completion, and continuation.	present-perfect-q14	true-false	正誤問題: 「She has lived here for five years」は、過去から今まで続いていることを表せる。									TRUE		for five years があるので、継続を表す現在完了形として使えます。						
logic-expression	論理・表現 / Logic and Expression	Practice Logic and Expression lessons and units.	logic-expression-present-perfect	現在完了形 / Present Perfect	Practice have/has plus past participles for experience, completion, and continuation.	present-perfect-q15	multiple-choice	この英文は何形ですか: Have they finished cleaning the classroom yet?	現在進行形	過去形	未来形	現在完了形	過去進行形	現在形	過去完了形	未来完了形	現在完了形	現在完了形	Have they finished は現在完了形の疑問文です。						
logic-expression	論理・表現 / Logic and Expression	Practice Logic and Expression lessons and units.	logic-expression-past-perfect	過去完了形 / Past Perfect	Practice had plus past participles for actions completed before another past action or time.	past-perfect-q01	multiple-choice	正しい英文を選びなさい。	I had finish my homework before dinner.	I have finished my homework before dinner yesterday.	I had finished my homework before dinner.	I was finished my homework before dinner.					I had finished my homework before dinner.	I had finished my homework before dinner.	過去完了形は had ＋ 過去分詞で作ります。						
logic-expression	論理・表現 / Logic and Expression	Practice Logic and Expression lessons and units.	logic-expression-past-perfect	過去完了形 / Past Perfect	Practice had plus past participles for actions completed before another past action or time.	past-perfect-q02	multiple-choice	日本語に合う英文を選びなさい: 私が駅に着いたとき、電車はもう出発していました。	The train had already left when I arrived at the station.	The train has already left when I arrived at the station.	The train already leaves when I arrived at the station.	The train was already leave when I arrived at the station.					The train had already left when I arrived at the station.	The train had already left when I arrived at the station.	一つの過去より前に終わっていたことには過去完了形を使えます。						
logic-expression	論理・表現 / Logic and Expression	Practice Logic and Expression lessons and units.	logic-expression-past-perfect	過去完了形 / Past Perfect	Practice had plus past participles for actions completed before another past action or time.	past-perfect-q03	multiple-choice	この英文は何形ですか: She had studied English before she moved to Canada.	現在形	過去形	現在進行形	過去進行形	現在完了形	過去完了形	未来形	未来完了形	過去完了形	過去完了形	had studied は had ＋ 過去分詞の形です。						
logic-expression	論理・表現 / Logic and Expression	Practice Logic and Expression lessons and units.	logic-expression-past-perfect	過去完了形 / Past Perfect	Practice had plus past participles for actions completed before another past action or time.	past-perfect-q04	multiple-choice	この英文の過去完了形の役割として最も合うものを選びなさい: I had eaten breakfast before I left home.	今している途中の動作	毎日の習慣	過去のある時点より前に完了した動作	未来の予定	現在まで続く経験	過去の途中の動作			過去のある時点より前に完了した動作	過去のある時点より前に完了した動作	家を出た過去の時点より前に、朝食を食べ終えていました。						
logic-expression	論理・表現 / Logic and Expression	Practice Logic and Expression lessons and units.	logic-expression-past-perfect	過去完了形 / Past Perfect	Practice had plus past participles for actions completed before another past action or time.	past-perfect-q05	multiple-choice	この英文は何形ですか: Had they cleaned the room before the teacher came?	過去完了形	未来形	現在完了形	過去進行形	現在形	現在進行形	過去形	未来完了形	過去完了形	過去完了形	Had they cleaned は過去完了形の疑問文です。						
logic-expression	論理・表現 / Logic and Expression	Practice Logic and Expression lessons and units.	logic-expression-past-perfect	過去完了形 / Past Perfect	Practice had plus past participles for actions completed before another past action or time.	past-perfect-q06	fill-in-the-blank	日本語に合うように、空所に had か have を入れなさい: I _____ lost my ticket before I got on the bus. 私はバスに乗る前にチケットをなくしていました。									had		got on は過去なので、その前に起きたことには had lost を使います。						
logic-expression	論理・表現 / Logic and Expression	Practice Logic and Expression lessons and units.	logic-expression-past-perfect	過去完了形 / Past Perfect	Practice had plus past participles for actions completed before another past action or time.	past-perfect-q07	fill-in-the-blank	日本語に合うように、空所に過去分詞を入れなさい: By the time we arrived, the movie had already _____. 私たちが着くまでに、その映画はもう始まっていました。 start									started		start の過去分詞は started です。						
logic-expression	論理・表現 / Logic and Expression	Practice Logic and Expression lessons and units.	logic-expression-past-perfect	過去完了形 / Past Perfect	Practice had plus past participles for actions completed before another past action or time.	past-perfect-q08	fill-in-the-blank	日本語に合うように、空所に過去分詞を入れなさい: She had _____ dinner before her father came home. 彼女は父が帰宅する前に夕食を作っていました。 make									made		make の過去分詞は made です。						
logic-expression	論理・表現 / Logic and Expression	Practice Logic and Expression lessons and units.	logic-expression-past-perfect	過去完了形 / Past Perfect	Practice had plus past participles for actions completed before another past action or time.	past-perfect-q09	fill-in-the-blank	日本語に合うように、空所に not を入れなさい: We had _____ finished the project when the bell rang. ベルが鳴ったとき、私たちはまだそのプロジェクトを終えていませんでした。									not		過去完了形の否定文では had の後ろに not を置きます。						
logic-expression	論理・表現 / Logic and Expression	Practice Logic and Expression lessons and units.	logic-expression-past-perfect	過去完了形 / Past Perfect	Practice had plus past participles for actions completed before another past action or time.	past-perfect-q10	fill-in-the-blank	日本語に合うように、空所に Had か Did を入れなさい: _____ you seen that actor before you watched the movie? その映画を見る前に、その俳優を見たことがありましたか。									Had	had	過去のある時点より前の経験をたずねるので Had ＋ 主語 ＋ 過去分詞を使います。						
logic-expression	論理・表現 / Logic and Expression	Practice Logic and Expression lessons and units.	logic-expression-past-perfect	過去完了形 / Past Perfect	Practice had plus past participles for actions completed before another past action or time.	past-perfect-q11	fill-in-the-blank	並べかえて、英文を完成させなさい: when / the bus / already / we arrived / had / left. _____									the bus had already left when we arrived	The bus had already left when we arrived.;the bus had already left when we arrived.	already は had と過去分詞の間に置けます。						
logic-expression	論理・表現 / Logic and Expression	Practice Logic and Expression lessons and units.	logic-expression-past-perfect	過去完了形 / Past Perfect	Practice had plus past participles for actions completed before another past action or time.	past-perfect-q12	fill-in-the-blank	並べかえて、英文を完成させなさい: she / the book / Emi / saw the movie / had / before / read. _____									emi had read the book before she saw the movie	Emi had read the book before she saw the movie.;emi had read the book before she saw the movie.	映画を見た過去の時点より前に本を読んでいたので、had read を使います。						
logic-expression	論理・表現 / Logic and Expression	Practice Logic and Expression lessons and units.	logic-expression-past-perfect	過去完了形 / Past Perfect	Practice had plus past participles for actions completed before another past action or time.	past-perfect-q13	true-false	正誤問題: 「I had went home before it started raining」は正しい過去完了形の英文である。									FALSE		had の後ろは過去形 went ではなく過去分詞 gone を使います。						
logic-expression	論理・表現 / Logic and Expression	Practice Logic and Expression lessons and units.	logic-expression-past-perfect	過去完了形 / Past Perfect	Practice had plus past participles for actions completed before another past action or time.	past-perfect-q14	true-false	正誤問題: 「She had already finished her homework when I called」は過去完了形を含む英文である。									TRUE		had already finished は過去完了形です。						
logic-expression	論理・表現 / Logic and Expression	Practice Logic and Expression lessons and units.	logic-expression-past-perfect	過去完了形 / Past Perfect	Practice had plus past participles for actions completed before another past action or time.	past-perfect-q15	multiple-choice	この英文は何形ですか: By 9 p.m., my brother had written three pages.	現在完了形	過去形	未来完了形	現在進行形	過去進行形	現在形	過去完了形	未来形	過去完了形	過去完了形	had written は had ＋ 過去分詞なので過去完了形です。						
logic-expression	論理・表現 / Logic and Expression	Practice Logic and Expression lessons and units.	logic-expression-future-perfect	未来完了形 / Future Perfect	Practice will have plus past participles for actions completed by a future time.	future-perfect-q01	multiple-choice	正しい英文を選びなさい。	I will finished my homework by nine.	I will have finish my homework by nine.	I will have finished my homework by nine.	I will be finished my homework by nine.					I will have finished my homework by nine.	I will have finished my homework by nine.	未来完了形は will have ＋ 過去分詞で作ります。						
logic-expression	論理・表現 / Logic and Expression	Practice Logic and Expression lessons and units.	logic-expression-future-perfect	未来完了形 / Future Perfect	Practice will have plus past participles for actions completed by a future time.	future-perfect-q02	multiple-choice	日本語に合う英文を選びなさい: 来月までに、彼女はその本を読み終えているでしょう。	She will read the book by next month.	She will have read the book by next month.	She has read the book by next month.	She will be reading the book by next month.					She will have read the book by next month.	She will have read the book by next month.	by next month は未来の期限なので、will have read が合います。						
logic-expression	論理・表現 / Logic and Expression	Practice Logic and Expression lessons and units.	logic-expression-future-perfect	未来完了形 / Future Perfect	Practice will have plus past participles for actions completed by a future time.	future-perfect-q03	multiple-choice	この英文は何形ですか: We will have arrived in Fukuoka by noon.	現在形	過去形	現在進行形	過去進行形	現在完了形	過去完了形	未来表現	未来完了形	未来完了形	未来完了形	will have arrived は will have ＋ 過去分詞の形です。						
logic-expression	論理・表現 / Logic and Expression	Practice Logic and Expression lessons and units.	logic-expression-future-perfect	未来完了形 / Future Perfect	Practice will have plus past participles for actions completed by a future time.	future-perfect-q04	multiple-choice	この英文の未来完了形の役割として最も合うものを選びなさい: By the time you get home, I will have cleaned the kitchen.	未来のある時点までに完了している動作	今している途中の動作	過去のある時点より前の動作	現在まで続く経験	未来の予定	毎日の習慣			未来のある時点までに完了している動作	未来のある時点までに完了している動作	家に着く未来の時点までに、掃除が完了していることを表します。						
logic-expression	論理・表現 / Logic and Expression	Practice Logic and Expression lessons and units.	logic-expression-future-perfect	未来完了形 / Future Perfect	Practice will have plus past participles for actions completed by a future time.	future-perfect-q05	multiple-choice	この英文は何形ですか: By next April, Haruka will have lived in Iki for three years.	過去完了形	未来表現	現在完了形	未来完了形	過去進行形	現在進行形	過去形	現在形	未来完了形	未来完了形	will have lived は未来のある時点までの継続を表す未来完了形です。						
logic-expression	論理・表現 / Logic and Expression	Practice Logic and Expression lessons and units.	logic-expression-future-perfect	未来完了形 / Future Perfect	Practice will have plus past participles for actions completed by a future time.	future-perfect-q06	fill-in-the-blank	日本語に合うように、空所に have を入れなさい: I will _____ finished this report by tomorrow. 私は明日までにこのレポートを終えているでしょう。									have		未来完了形は will have ＋ 過去分詞です。						
logic-expression	論理・表現 / Logic and Expression	Practice Logic and Expression lessons and units.	logic-expression-future-perfect	未来完了形 / Future Perfect	Practice will have plus past participles for actions completed by a future time.	future-perfect-q07	fill-in-the-blank	日本語に合うように、空所に過去分詞を入れなさい: She will have _____ dinner by seven. 彼女は7時までに夕食を作り終えているでしょう。 make									made		make の過去分詞は made です。						
logic-expression	論理・表現 / Logic and Expression	Practice Logic and Expression lessons and units.	logic-expression-future-perfect	未来完了形 / Future Perfect	Practice will have plus past participles for actions completed by a future time.	future-perfect-q08	fill-in-the-blank	日本語に合うように、空所に過去分詞を入れなさい: They will have _____ the classroom before the teacher comes. 彼らは先生が来る前に教室を掃除し終えているでしょう。 clean									cleaned		clean の過去分詞は cleaned です。						
logic-expression	論理・表現 / Logic and Expression	Practice Logic and Expression lessons and units.	logic-expression-future-perfect	未来完了形 / Future Perfect	Practice will have plus past participles for actions completed by a future time.	future-perfect-q09	fill-in-the-blank	日本語に合うように、空所に not を入れなさい: We will _____ have finished the project by Friday. 私たちは金曜日までにそのプロジェクトを終えていないでしょう。									not		未来完了形の否定文は will not have ＋ 過去分詞です。						
logic-expression	論理・表現 / Logic and Expression	Practice Logic and Expression lessons and units.	logic-expression-future-perfect	未来完了形 / Future Perfect	Practice will have plus past participles for actions completed by a future time.	future-perfect-q10	fill-in-the-blank	日本語に合うように、空所に Will か Have を入れなさい: _____ you have finished your homework by eight? あなたは8時までに宿題を終えているでしょうか。									Will	will	未来完了形の疑問文は Will ＋ 主語 ＋ have ＋ 過去分詞です。						
logic-expression	論理・表現 / Logic and Expression	Practice Logic and Expression lessons and units.	logic-expression-future-perfect	未来完了形 / Future Perfect	Practice will have plus past participles for actions completed by a future time.	future-perfect-q11	fill-in-the-blank	並べかえて、英文を完成させなさい: my homework / will / I / finished / by nine / have. _____									i will have finished my homework by nine	I will have finished my homework by nine.;i will have finished my homework by nine.	未来完了形は主語 ＋ will have ＋ 過去分詞の順にします。						
logic-expression	論理・表現 / Logic and Expression	Practice Logic and Expression lessons and units.	logic-expression-future-perfect	未来完了形 / Future Perfect	Practice will have plus past participles for actions completed by a future time.	future-perfect-q12	fill-in-the-blank	並べかえて、英文を完成させなさい: these words / the students / have / learned / will / by next week. _____									the students will have learned these words by next week	The students will have learned these words by next week.;the students will have learned these words by next week.	by next week は未来の期限なので、will have learned を使います。						
logic-expression	論理・表現 / Logic and Expression	Practice Logic and Expression lessons and units.	logic-expression-future-perfect	未来完了形 / Future Perfect	Practice will have plus past participles for actions completed by a future time.	future-perfect-q13	true-false	正誤問題: 「She will have went home by six」は正しい未来完了形の英文である。									FALSE		will have の後ろは過去形 went ではなく過去分詞 gone を使います。						
logic-expression	論理・表現 / Logic and Expression	Practice Logic and Expression lessons and units.	logic-expression-future-perfect	未来完了形 / Future Perfect	Practice will have plus past participles for actions completed by a future time.	future-perfect-q14	true-false	正誤問題: 「They will have finished the work by tomorrow」は未来完了形の英文である。									TRUE		will have finished は未来完了形です。						
logic-expression	論理・表現 / Logic and Expression	Practice Logic and Expression lessons and units.	logic-expression-future-perfect	未来完了形 / Future Perfect	Practice will have plus past participles for actions completed by a future time.	future-perfect-q15	multiple-choice	この英文は何形ですか: By the end of this year, we will have studied six grammar points.	未来表現	過去完了形	現在完了形	現在進行形	過去進行形	現在形	過去形	未来完了形	未来完了形	未来完了形	will have studied は will have ＋ 過去分詞なので未来完了形です。						
logic-expression	論理・表現 / Logic and Expression	Practice Logic and Expression lessons and units.	logic-expression-present-perfect-continuous	現在完了進行形 / Present Perfect Continuous	Practice have/has been plus verb-ing for actions continuing from the past to now.	present-perfect-continuous-q01	multiple-choice	正しい現在完了進行形の英文を選びなさい。	I have been study English for two hours.	I have studying English for two hours.	I have been studying English for two hours.	I was been studying English for two hours.					I have been studying English for two hours.	I have been studying English for two hours.	現在完了進行形は have または has ＋ been ＋ 動詞ing で作ります。						
logic-expression	論理・表現 / Logic and Expression	Practice Logic and Expression lessons and units.	logic-expression-present-perfect-continuous	現在完了進行形 / Present Perfect Continuous	Practice have/has been plus verb-ing for actions continuing from the past to now.	present-perfect-continuous-q02	multiple-choice	日本語に合う英文を選びなさい: 彼女は朝からずっと英語を勉強しています。	She studies English since this morning.	She is studying English since this morning.	She has studied English since this morning.	She has been studying English since this morning.					She has been studying English since this morning.	She has been studying English since this morning.	since this morning で過去から今まで続く動作なので、has been studying が合います。						
logic-expression	論理・表現 / Logic and Expression	Practice Logic and Expression lessons and units.	logic-expression-present-perfect-continuous	現在完了進行形 / Present Perfect Continuous	Practice have/has been plus verb-ing for actions continuing from the past to now.	present-perfect-continuous-q03	multiple-choice	この英文は何形ですか: We have been waiting for the bus for twenty minutes.	現在形	過去形	現在進行形	過去進行形	未来表現	現在完了形	過去完了形	現在完了進行形	現在完了進行形	現在完了進行形	have been waiting は have ＋ been ＋ 動詞ing の形です。						
logic-expression	論理・表現 / Logic and Expression	Practice Logic and Expression lessons and units.	logic-expression-present-perfect-continuous	現在完了進行形 / Present Perfect Continuous	Practice have/has been plus verb-ing for actions continuing from the past to now.	present-perfect-continuous-q04	multiple-choice	この英文の現在完了進行形の役割として最も合うものを選びなさい: I have been cleaning my room for two hours.	過去の一回の行動	今だけしている途中の動作	過去から今まで続いている動作	未来のある時点までに完了する動作	現在の習慣	過去のある時点より前に完了した動作			過去から今まで続いている動作	過去から今まで続いている動作	for two hours があるので、過去から今まで続いている動作を表します。						
logic-expression	論理・表現 / Logic and Expression	Practice Logic and Expression lessons and units.	logic-expression-present-perfect-continuous	現在完了進行形 / Present Perfect Continuous	Practice have/has been plus verb-ing for actions continuing from the past to now.	present-perfect-continuous-q05	multiple-choice	この英文は何形ですか: She has finished her homework already.	現在完了進行形	過去完了形	現在完了形	現在進行形	未来完了形	過去形	現在形	過去進行形	現在完了形	現在完了形	has finished は has ＋ 過去分詞で、現在完了形です。						
logic-expression	論理・表現 / Logic and Expression	Practice Logic and Expression lessons and units.	logic-expression-present-perfect-continuous	現在完了進行形 / Present Perfect Continuous	Practice have/has been plus verb-ing for actions continuing from the past to now.	present-perfect-continuous-q06	fill-in-the-blank	日本語に合うように、空所に have か has を入れなさい: I _____ been reading this book for a week. 私は一週間ずっとこの本を読んでいます。									have		主語が I なので have been reading を使います。						
logic-expression	論理・表現 / Logic and Expression	Practice Logic and Expression lessons and units.	logic-expression-present-perfect-continuous	現在完了進行形 / Present Perfect Continuous	Practice have/has been plus verb-ing for actions continuing from the past to now.	present-perfect-continuous-q07	fill-in-the-blank	日本語に合うように、空所に been を入れなさい: Aya has _____ writing emails all morning. アヤは午前中ずっとメールを書いています。									been		現在完了進行形は has been ＋ 動詞ing です。						
logic-expression	論理・表現 / Logic and Expression	Practice Logic and Expression lessons and units.	logic-expression-present-perfect-continuous	現在完了進行形 / Present Perfect Continuous	Practice have/has been plus verb-ing for actions continuing from the past to now.	present-perfect-continuous-q08	fill-in-the-blank	日本語に合うように、空所に動詞の ing 形を入れなさい: They have been _____ soccer since 3 p.m. 彼らは午後3時からずっとサッカーをしています。 play									playing		play の ing 形は playing です。						
logic-expression	論理・表現 / Logic and Expression	Practice Logic and Expression lessons and units.	logic-expression-present-perfect-continuous	現在完了進行形 / Present Perfect Continuous	Practice have/has been plus verb-ing for actions continuing from the past to now.	present-perfect-continuous-q09	fill-in-the-blank	日本語に合うように、空所に have か has を入れなさい: My mother _____ been working in the garden since noon. 母は正午からずっと庭で働いています。									has		主語が my mother なので has been working を使います。						
logic-expression	論理・表現 / Logic and Expression	Practice Logic and Expression lessons and units.	logic-expression-present-perfect-continuous	現在完了進行形 / Present Perfect Continuous	Practice have/has been plus verb-ing for actions continuing from the past to now.	present-perfect-continuous-q10	fill-in-the-blank	日本語に合うように、空所に not を入れなさい: He has _____ been sleeping well recently. 彼は最近よく眠れていません。									not		否定文では has または have の後ろに not を置きます。						
logic-expression	論理・表現 / Logic and Expression	Practice Logic and Expression lessons and units.	logic-expression-present-perfect-continuous	現在完了進行形 / Present Perfect Continuous	Practice have/has been plus verb-ing for actions continuing from the past to now.	present-perfect-continuous-q11	fill-in-the-blank	並べかえて、英文を完成させなさい: been / the students / talking / have / for ten minutes. _____									the students have been talking for ten minutes	The students have been talking for ten minutes.;the students have been talking for ten minutes.	現在完了進行形は主語 ＋ have または has ＋ been ＋ 動詞ing の順です。						
logic-expression	論理・表現 / Logic and Expression	Practice Logic and Expression lessons and units.	logic-expression-present-perfect-continuous	現在完了進行形 / Present Perfect Continuous	Practice have/has been plus verb-ing for actions continuing from the past to now.	present-perfect-continuous-q12	fill-in-the-blank	並べかえて、英文を完成させなさい: the piano / Yui / since this morning / been / practicing / has. _____									yui has been practicing the piano since this morning	Yui has been practicing the piano since this morning.;yui has been practicing the piano since this morning.	since this morning は動作が始まった時点を表します。						
logic-expression	論理・表現 / Logic and Expression	Practice Logic and Expression lessons and units.	logic-expression-present-perfect-continuous	現在完了進行形 / Present Perfect Continuous	Practice have/has been plus verb-ing for actions continuing from the past to now.	present-perfect-continuous-q13	true-false	正誤問題: 「I have been study English for an hour」は正しい現在完了進行形の英文である。									FALSE		been の後ろは動詞の原形 study ではなく studying にします。						
logic-expression	論理・表現 / Logic and Expression	Practice Logic and Expression lessons and units.	logic-expression-present-perfect-continuous	現在完了進行形 / Present Perfect Continuous	Practice have/has been plus verb-ing for actions continuing from the past to now.	present-perfect-continuous-q14	true-false	正誤問題: 「We have been waiting here since nine」は現在完了進行形の英文である。									TRUE		have been waiting は現在完了進行形です。						
logic-expression	論理・表現 / Logic and Expression	Practice Logic and Expression lessons and units.	logic-expression-present-perfect-continuous	現在完了進行形 / Present Perfect Continuous	Practice have/has been plus verb-ing for actions continuing from the past to now.	present-perfect-continuous-q15	multiple-choice	この英文は何形ですか: By tomorrow, we will have finished the project.	現在完了進行形	現在完了形	過去完了形	未来完了形	現在進行形	過去進行形	現在形	未来表現	未来完了形	未来完了形	will have finished は未来完了形で、have been finishing ではありません。						
logic-expression	論理・表現 / Logic and Expression	Practice Logic and Expression lessons and units.	logic-expression-past-perfect-continuous	過去完了進行形 / Past Perfect Continuous	Practice had been plus verb-ing for actions continuing before another past time.	past-perfect-continuous-q01	multiple-choice	正しい過去完了進行形の英文を選びなさい。	I had been studying for two hours before dinner.	I had studied been for two hours before dinner.	I have been studying for two hours before dinner.	I was been studying for two hours before dinner.					I had been studying for two hours before dinner.	I had been studying for two hours before dinner.	過去完了進行形は had been ＋ 動詞ing で作ります。						
logic-expression	論理・表現 / Logic and Expression	Practice Logic and Expression lessons and units.	logic-expression-past-perfect-continuous	過去完了進行形 / Past Perfect Continuous	Practice had been plus verb-ing for actions continuing before another past time.	past-perfect-continuous-q02	multiple-choice	日本語に合う英文を選びなさい: 雨が止んだとき、彼らは1時間ずっと待っていました。	They have been waiting for an hour when the rain stopped.	They had been waiting for an hour when the rain stopped.	They were waiting for an hour when the rain stopped.	They had waited been for an hour when the rain stopped.					They had been waiting for an hour when the rain stopped.	They had been waiting for an hour when the rain stopped.	雨が止んだ過去の時点まで続いていた動作なので had been waiting を使います。						
logic-expression	論理・表現 / Logic and Expression	Practice Logic and Expression lessons and units.	logic-expression-past-perfect-continuous	過去完了進行形 / Past Perfect Continuous	Practice had been plus verb-ing for actions continuing before another past time.	past-perfect-continuous-q03	multiple-choice	この英文は何形ですか: She had been practicing the piano before the lesson started.	現在形	過去形	現在進行形	過去進行形	現在完了形	現在完了進行形	過去完了形	過去完了進行形	過去完了進行形	過去完了進行形	had been practicing は had been ＋ 動詞ing の形です。						
logic-expression	論理・表現 / Logic and Expression	Practice Logic and Expression lessons and units.	logic-expression-past-perfect-continuous	過去完了進行形 / Past Perfect Continuous	Practice had been plus verb-ing for actions continuing before another past time.	past-perfect-continuous-q04	multiple-choice	この英文の過去完了進行形の役割として最も合うものを選びなさい: I had been walking for thirty minutes when I found the station.	過去のある時点まで続いていた動作	今している途中の動作	未来のある時点までに完了する動作	現在まで続いている動作	過去の一回の行動	毎日の習慣			過去のある時点まで続いていた動作	過去のある時点まで続いていた動作	駅を見つけた過去の時点まで、歩く動作が続いていました。						
logic-expression	論理・表現 / Logic and Expression	Practice Logic and Expression lessons and units.	logic-expression-past-perfect-continuous	過去完了進行形 / Past Perfect Continuous	Practice had been plus verb-ing for actions continuing before another past time.	past-perfect-continuous-q05	multiple-choice	過去完了進行形の英文を選びなさい。	He has been sleeping since ten.	He had slept before ten.	He had been sleeping for ten hours when I called.	He will have slept for ten hours by noon.					He had been sleeping for ten hours when I called.	He had been sleeping for ten hours when I called.	when I called という過去の時点まで続いていた動作なので、had been sleeping が合います。						
logic-expression	論理・表現 / Logic and Expression	Practice Logic and Expression lessons and units.	logic-expression-past-perfect-continuous	過去完了進行形 / Past Perfect Continuous	Practice had been plus verb-ing for actions continuing before another past time.	past-perfect-continuous-q06	fill-in-the-blank	日本語に合うように、空所に had か have を入れなさい: We _____ been cleaning the gym before the game started. 試合が始まる前、私たちは体育館をずっと掃除していました。									had		game started は過去なので、その前まで続いていた動作には had been cleaning を使います。						
logic-expression	論理・表現 / Logic and Expression	Practice Logic and Expression lessons and units.	logic-expression-past-perfect-continuous	過去完了進行形 / Past Perfect Continuous	Practice had been plus verb-ing for actions continuing before another past time.	past-perfect-continuous-q07	fill-in-the-blank	日本語に合うように、空所に been を入れなさい: Yuna had _____ studying for two hours when her mother came home. ユナは母が帰宅したとき、2時間ずっと勉強していました。									been		過去完了進行形は had been ＋ 動詞ing です。						
logic-expression	論理・表現 / Logic and Expression	Practice Logic and Expression lessons and units.	logic-expression-past-perfect-continuous	過去完了進行形 / Past Perfect Continuous	Practice had been plus verb-ing for actions continuing before another past time.	past-perfect-continuous-q08	fill-in-the-blank	日本語に合うように、空所に動詞の ing 形を入れなさい: They had been _____ soccer before it got dark. 暗くなる前、彼らはずっとサッカーをしていました。 play									playing		been の後ろは動詞ing にします。						
logic-expression	論理・表現 / Logic and Expression	Practice Logic and Expression lessons and units.	logic-expression-past-perfect-continuous	過去完了進行形 / Past Perfect Continuous	Practice had been plus verb-ing for actions continuing before another past time.	past-perfect-continuous-q09	fill-in-the-blank	日本語に合うように、空所に not を入れなさい: I had _____ been sleeping well before the test. テスト前、私はよく眠れていませんでした。									not		否定文では had の後ろに not を置きます。						
logic-expression	論理・表現 / Logic and Expression	Practice Logic and Expression lessons and units.	logic-expression-past-perfect-continuous	過去完了進行形 / Past Perfect Continuous	Practice had been plus verb-ing for actions continuing before another past time.	past-perfect-continuous-q10	fill-in-the-blank	日本語に合うように、空所に Had か Did を入れなさい: _____ you been waiting long before the teacher arrived? 先生が到着する前、あなたは長く待っていましたか。									Had	had	過去完了進行形の疑問文は Had ＋ 主語 ＋ been ＋ 動詞ing です。						
logic-expression	論理・表現 / Logic and Expression	Practice Logic and Expression lessons and units.	logic-expression-past-perfect-continuous	過去完了進行形 / Past Perfect Continuous	Practice had been plus verb-ing for actions continuing before another past time.	past-perfect-continuous-q11	fill-in-the-blank	並べかえて、英文を完成させなさい: the bus arrived / waiting / Ken / had / before / been / for an hour. _____									ken had been waiting for an hour before the bus arrived	Ken had been waiting for an hour before the bus arrived.;ken had been waiting for an hour before the bus arrived.	過去完了進行形は主語 ＋ had been ＋ 動詞ing の順にします。						
logic-expression	論理・表現 / Logic and Expression	Practice Logic and Expression lessons and units.	logic-expression-past-perfect-continuous	過去完了進行形 / Past Perfect Continuous	Practice had been plus verb-ing for actions continuing before another past time.	past-perfect-continuous-q12	fill-in-the-blank	並べかえて、英文を完成させなさい: the concert started / since morning / had / the students / before / practicing / been. _____									the students had been practicing since morning before the concert started	The students had been practicing since morning before the concert started.;the students had been practicing since morning before the concert started.	since morning は動作が始まった時点を表します。						
logic-expression	論理・表現 / Logic and Expression	Practice Logic and Expression lessons and units.	logic-expression-past-perfect-continuous	過去完了進行形 / Past Perfect Continuous	Practice had been plus verb-ing for actions continuing before another past time.	past-perfect-continuous-q13	true-false	正誤問題: 「I had been study English before dinner」は正しい過去完了進行形の英文である。									FALSE		been の後ろは動詞の原形 study ではなく studying にします。						
logic-expression	論理・表現 / Logic and Expression	Practice Logic and Expression lessons and units.	logic-expression-past-perfect-continuous	過去完了進行形 / Past Perfect Continuous	Practice had been plus verb-ing for actions continuing before another past time.	past-perfect-continuous-q14	true-false	正誤問題: 「They had been talking for ten minutes when the bell rang」は過去完了進行形の英文である。									TRUE		had been talking は過去完了進行形です。						
logic-expression	論理・表現 / Logic and Expression	Practice Logic and Expression lessons and units.	logic-expression-past-perfect-continuous	過去完了進行形 / Past Perfect Continuous	Practice had been plus verb-ing for actions continuing before another past time.	past-perfect-continuous-q15	multiple-choice	この英文は何形ですか: I have been reading this book since Monday.	過去完了進行形	現在完了形	現在完了進行形	過去完了形	未来完了形	現在進行形	過去進行形	過去形	現在完了進行形	現在完了進行形	have been reading は現在完了進行形で、had been reading なら過去完了進行形です。						
logic-expression	論理・表現 / Logic and Expression	Practice Logic and Expression lessons and units.	logic-expression-helper-verbs	助動詞 / Helper Verbs	Practice modal verbs and helper-verb expressions for ability, advice, possibility, regret, certainty, and preference.	helper-verbs-q01	multiple-choice	状況に最も合う助動詞を選びなさい: I _____ swim 100 meters. 私は100メートル泳ぐことができます。	must have	had better not	can	should have	would rather not	might as well	cannot be too	must	can	can	can は能力を表し、～できる という意味になります。						
logic-expression	論理・表現 / Logic and Expression	Practice Logic and Expression lessons and units.	logic-expression-helper-verbs	助動詞 / Helper Verbs	Practice modal verbs and helper-verb expressions for ability, advice, possibility, regret, certainty, and preference.	helper-verbs-q02	multiple-choice	状況に最も合う助動詞を選びなさい: I _____ call you after dinner. 私は夕食後にあなたに電話します。	should have	will	would rather not	had better not	must have	cannot be too	might as well	should not	will	will	will は未来の意志や予定を表します。						
logic-expression	論理・表現 / Logic and Expression	Practice Logic and Expression lessons and units.	logic-expression-helper-verbs	助動詞 / Helper Verbs	Practice modal verbs and helper-verb expressions for ability, advice, possibility, regret, certainty, and preference.	helper-verbs-q03	multiple-choice	状況に最も合う助動詞を選びなさい: When I was little, I _____ visit my grandmother every summer. 子どものころ、私は毎年夏に祖母を訪れたものです。	had better	would	must have	can	should have	cannot be too	might as well	had better not	would	would	would は過去の習慣を表すことがあります。						
logic-expression	論理・表現 / Logic and Expression	Practice Logic and Expression lessons and units.	logic-expression-helper-verbs	助動詞 / Helper Verbs	Practice modal verbs and helper-verb expressions for ability, advice, possibility, regret, certainty, and preference.	helper-verbs-q04	multiple-choice	状況に最も合う助動詞を選びなさい: _____ you help me carry this box? この箱を運ぶのを手伝っていただけますか。	Should have	Had better not	Could	Must have	Cannot be too	Would rather not	Might as well	Will have	Could	Could	Could you ...? は丁寧な依頼に使えます。						
logic-expression	論理・表現 / Logic and Expression	Practice Logic and Expression lessons and units.	logic-expression-helper-verbs	助動詞 / Helper Verbs	Practice modal verbs and helper-verb expressions for ability, advice, possibility, regret, certainty, and preference.	helper-verbs-q05	multiple-choice	状況に最も合う助動詞を選びなさい: It _____ snow tonight. 今夜、雪が降るかもしれません。	should have	had better not	might	would rather not	must have	cannot be too	had better	might as well	might	might	might は可能性を表し、～かもしれない という意味になります。						
logic-expression	論理・表現 / Logic and Expression	Practice Logic and Expression lessons and units.	logic-expression-helper-verbs	助動詞 / Helper Verbs	Practice modal verbs and helper-verb expressions for ability, advice, possibility, regret, certainty, and preference.	helper-verbs-q06	multiple-choice	状況に最も合う助動詞を選びなさい: You _____ check your answer again. 答えをもう一度確認したほうがいいです。	must have	will have	would rather not	should	had better not	should have	cannot be too	can	should	should	should は助言や すべきだ という意味を表します。						
logic-expression	論理・表現 / Logic and Expression	Practice Logic and Expression lessons and units.	logic-expression-helper-verbs	助動詞 / Helper Verbs	Practice modal verbs and helper-verb expressions for ability, advice, possibility, regret, certainty, and preference.	helper-verbs-q07	multiple-choice	状況に最も合う助動詞を選びなさい: The road is wet. It _____ rained last night. 道がぬれています。昨夜雨が降ったに違いありません。	had better	must have	will	cannot be too	can	would rather not	should	might as well	must have	must have	must have ＋ 過去分詞は過去についての強い確信を表します。						
logic-expression	論理・表現 / Logic and Expression	Practice Logic and Expression lessons and units.	logic-expression-helper-verbs	助動詞 / Helper Verbs	Practice modal verbs and helper-verb expressions for ability, advice, possibility, regret, certainty, and preference.	helper-verbs-q08	multiple-choice	状況に最も合う助動詞を選びなさい: You _____ hurry, or you will miss the bus. 急がないとバスに乗り遅れますよ。	would rather not	had better	should have	must have	can	cannot be too	would	had better not	had better	had better	had better は、そうしないと困る という強い助言や警告を表します。						
logic-expression	論理・表現 / Logic and Expression	Practice Logic and Expression lessons and units.	logic-expression-helper-verbs	助動詞 / Helper Verbs	Practice modal verbs and helper-verb expressions for ability, advice, possibility, regret, certainty, and preference.	helper-verbs-q09	multiple-choice	状況に最も合う助動詞を選びなさい: You _____ touch that wire. It is dangerous. あの電線に触らないほうがいいです。危険です。	can	had better not	should have	will	must have	cannot be too	would	might as well	had better not	had better not	had better not は強い警告として しないほうがよい を表します。						
logic-expression	論理・表現 / Logic and Expression	Practice Logic and Expression lessons and units.	logic-expression-helper-verbs	助動詞 / Helper Verbs	Practice modal verbs and helper-verb expressions for ability, advice, possibility, regret, certainty, and preference.	helper-verbs-q10	multiple-choice	状況に最も合う助動詞を選びなさい: I _____ studied harder for the test. テストのためにもっと勉強すべきでした。	would rather not	should have	can	had better not	cannot be too	will	might as well	would	should have	should have	should have ＋ 過去分詞は過去の後悔を表します。						
logic-expression	論理・表現 / Logic and Expression	Practice Logic and Expression lessons and units.	logic-expression-helper-verbs	助動詞 / Helper Verbs	Practice modal verbs and helper-verb expressions for ability, advice, possibility, regret, certainty, and preference.	helper-verbs-q11	multiple-choice	状況に最も合う表現を選びなさい: I _____ talk about that problem now. 私は今その問題については話したくありません。	must have	would rather not	should have	can	cannot be too	will	had better	might as well	would rather not	would rather not	would rather not は むしろ～したくない という好みを表します。						
logic-expression	論理・表現 / Logic and Expression	Practice Logic and Expression lessons and units.	logic-expression-helper-verbs	助動詞 / Helper Verbs	Practice modal verbs and helper-verb expressions for ability, advice, possibility, regret, certainty, and preference.	helper-verbs-q12	multiple-choice	状況に最も合う表現を選びなさい: We have thirty minutes before the train comes. We _____ wait here. 電車が来るまで30分あります。ここで待ってもよさそうです。	should have	would rather not	must have	might as well	cannot be too	had better not	would	will have	might as well	might as well	might as well は せっかくだから～してもよい という意味で使えます。						
logic-expression	論理・表現 / Logic and Expression	Practice Logic and Expression lessons and units.	logic-expression-helper-verbs	助動詞 / Helper Verbs	Practice modal verbs and helper-verb expressions for ability, advice, possibility, regret, certainty, and preference.	helper-verbs-q13	multiple-choice	状況に最も合う表現を選びなさい: You _____ careful when you post photos online. ネットに写真を投稿するときは、どれだけ注意してもしすぎることはありません。	can be too	cannot be too	should have	would rather not	must have	had better not	might as well	will have	cannot be too	cannot be too	cannot be too careful は どれだけ注意してもしすぎることはない という表現です。						
logic-expression	論理・表現 / Logic and Expression	Practice Logic and Expression lessons and units.	logic-expression-helper-verbs	助動詞 / Helper Verbs	Practice modal verbs and helper-verb expressions for ability, advice, possibility, regret, certainty, and preference.	helper-verbs-q14	fill-in-the-blank	日本語に合うように、空所に適切な助動詞表現を入れなさい: I _____ brought my umbrella. 傘を持ってくればよかった。									should have		should have ＋ 過去分詞は過去の後悔を表します。						
logic-expression	論理・表現 / Logic and Expression	Practice Logic and Expression lessons and units.	logic-expression-helper-verbs	助動詞 / Helper Verbs	Practice modal verbs and helper-verb expressions for ability, advice, possibility, regret, certainty, and preference.	helper-verbs-q15	true-false	正誤問題: 「You had better not tell anyone」は、誰にも言わないほうがよい という強い助言や警告を表す。									TRUE		had better not は しないほうがよい という強い助言や警告を表します。						
vocabulary	語彙 / Vocabulary	Practice Vocabulary lessons and units.	vocabulary-unit-51	Unit 51: Academic Life	Practice vocabulary related to academic life, school roles, and age groups.	q1	multiple-choice	What does "academic" mean?	学問の	初歩的な	教育の	結論の	論理的な	一般的な	形式ばった	典型的な	学問の	学問的な	academic = 学問の；学問的な（例：academic studies 学問的な研究）						
vocabulary	語彙 / Vocabulary	Practice Vocabulary lessons and units.	vocabulary-unit-51	Unit 51: Academic Life	Practice vocabulary related to academic life, school roles, and age groups.	q2	multiple-choice	What does "elementary" mean?	初歩的な	学問的な	高度な	結論の	先輩の	論理的な	一般的な	典型的な	初歩的な	小学校の	elementary = 小学校の；初歩的な（例：an elementary class 初歩的なクラス）						
vocabulary	語彙 / Vocabulary	Practice Vocabulary lessons and units.	vocabulary-unit-51	Unit 51: Academic Life	Practice vocabulary related to academic life, school roles, and age groups.	q3	multiple-choice	What does "lecture" mean?	講義	学期	序論	結論	部門	段落	概要	言語	講義		lecture = 講義；講演（例：give a lecture 講義をする）						
vocabulary	語彙 / Vocabulary	Practice Vocabulary lessons and units.	vocabulary-unit-51	Unit 51: Academic Life	Practice vocabulary related to academic life, school roles, and age groups.	q4	multiple-choice	What does "department" mean?	部門	講義	学期	序論	教授	概要	段落	結論	部門	部門;売り場	department = ①部門；学科 ②（百貨店の）売り場（例：the French department フランス語学科）						
vocabulary	語彙 / Vocabulary	Practice Vocabulary lessons and units.	vocabulary-unit-51	Unit 51: Academic Life	Practice vocabulary related to academic life, school roles, and age groups.	q5	multiple-choice	What does "semester" mean?	学期	講義	序論	結論	学科	段落	概要	言語	学期		semester = （主に大学の）学期（例：a semester starts 学期が始まる）						
vocabulary	語彙 / Vocabulary	Practice Vocabulary lessons and units.	vocabulary-unit-51	Unit 51: Academic Life	Practice vocabulary related to academic life, school roles, and age groups.	q6	multiple-choice	What does "professor" mean?	（大学の）教授	先輩	後輩	若者たち	学期	児童	指導者	研究者	（大学の）教授		professor = （大学の）教授（例：a professor of literature 文学の教授）						
vocabulary	語彙 / Vocabulary	Practice Vocabulary lessons and units.	vocabulary-unit-51	Unit 51: Academic Life	Practice vocabulary related to academic life, school roles, and age groups.	q7	multiple-choice	What does "senior" mean?	地位が上の	地位が下の	初歩的な	学問的な	高齢の	一般的な	論理的な	教育の	地位が上の	地位が上の;先輩の	senior = 地位が上の；先輩の（例：be senior to him 彼の先輩だ）						
vocabulary	語彙 / Vocabulary	Practice Vocabulary lessons and units.	vocabulary-unit-51	Unit 51: Academic Life	Practice vocabulary related to academic life, school roles, and age groups.	q8	multiple-choice	What does "junior" mean?	地位が下の	地位が上の	高齢の	初歩的な	年配の	一般的な	論理的な	教育の	地位が下の	地位が下の;後輩の	junior = 地位が下の；後輩の（例：be junior to her 彼女の後輩だ）						
vocabulary	語彙 / Vocabulary	Practice Vocabulary lessons and units.	vocabulary-unit-51	Unit 51: Academic Life	Practice vocabulary related to academic life, school roles, and age groups.	q9	multiple-choice	What does "youth" mean?	若者たち	年配の人たち	先輩	後輩	学期	感情	気分	欲望	若者たち	若者たち;青年期	youth = ①（the ~）若者たち ②青年期（例：the youth of today 今日の若者たち）						
vocabulary	語彙 / Vocabulary	Practice Vocabulary lessons and units.	vocabulary-unit-51	Unit 51: Academic Life	Practice vocabulary related to academic life, school roles, and age groups.	q10	multiple-choice	What does "elderly" mean?	高齢の	地位が上の	初歩的な	若い	学問的な	論理的な	一般的な	教育の	高齢の	高齢の;年配の人たち	elderly = ①（the ~）年配の人たち ②高齢の；年配の（例：be free for the elderly お年寄りは無料だ）						
vocabulary	語彙 / Vocabulary	Practice Vocabulary lessons and units.	vocabulary-unit-51	Unit 51: Academic Life	Practice vocabulary related to academic life, school roles, and age groups.	q11	multiple-choice	What does "introduction" mean?	序論	結論	講義	学期	部門	段落	概要	言語	序論	序論;紹介	introduction = ①序論；前置き ②紹介；導入（例：the introduction of a book 本の序論）						
vocabulary	語彙 / Vocabulary	Practice Vocabulary lessons and units.	vocabulary-unit-51	Unit 51: Academic Life	Practice vocabulary related to academic life, school roles, and age groups.	q12	multiple-choice	What does "conclusion" mean?	結論	序論	講義	学期	部門	段落	概要	言語	結論		conclusion = 結論；結び（例：end with a conclusion 結論で締めくくられる）						
vocabulary	語彙 / Vocabulary	Practice Vocabulary lessons and units.	vocabulary-unit-52	Unit 52: Education and Learning	Practice vocabulary related to learning, school records, and self-improvement.	q1	multiple-choice	What does "educational" mean?	教育の	学問的な	平均の	改革的な	初歩的な	論理的な	一般的な	形式ばった	教育の		educational = 教育の（例：educational background 教育の経歴）						
vocabulary	語彙 / Vocabulary	Practice Vocabulary lessons and units.	vocabulary-unit-52	Unit 52: Education and Learning	Practice vocabulary related to learning, school records, and self-improvement.	q2	multiple-choice	What does "background" mean?	経歴	成績	平均点	復習	学科	段落	概要	言語	経歴	経歴;背景	background = ①経歴 ②背景（例：educational background 教育の経歴）						
vocabulary	語彙 / Vocabulary	Practice Vocabulary lessons and units.	vocabulary-unit-52	Unit 52: Education and Learning	Practice vocabulary related to learning, school records, and self-improvement.	q3	multiple-choice	What does "average" mean?	平均の	教育の	経歴の	復習する	改革的な	論理的な	典型的な	一般的な	平均の		average = ①平均の ②平均；平均点（例：the average score 平均点）						
vocabulary	語彙 / Vocabulary	Practice Vocabulary lessons and units.	vocabulary-unit-52	Unit 52: Education and Learning	Practice vocabulary related to learning, school records, and self-improvement.	q4	multiple-choice	What does "score" mean?	得点	平均	経歴	後悔	復習	概要	段落	学科	得点	得点;成績	score = ①得点 ②成績（例：the average score 平均点）						
vocabulary	語彙 / Vocabulary	Practice Vocabulary lessons and units.	vocabulary-unit-52	Unit 52: Education and Learning	Practice vocabulary related to learning, school records, and self-improvement.	q5	multiple-choice	What does "kindergarten" mean?	幼稚園	小学校	中学校	学科	児童	学期	序論	教授	幼稚園		kindergarten = 幼稚園（例：a kindergarten pupil 幼稚園児）						
vocabulary	語彙 / Vocabulary	Practice Vocabulary lessons and units.	vocabulary-unit-52	Unit 52: Education and Learning	Practice vocabulary related to learning, school records, and self-improvement.	q6	multiple-choice	What does "pupil" mean?	児童	教授	平均点	幼稚園児	成績	若者たち	後輩	先輩	児童	児童;瞳	pupil = ①児童；生徒 ②瞳（例：a kindergarten pupil 幼稚園児）						
vocabulary	語彙 / Vocabulary	Practice Vocabulary lessons and units.	vocabulary-unit-52	Unit 52: Education and Learning	Practice vocabulary related to learning, school records, and self-improvement.	q7	multiple-choice	What does "review" mean?	復習する	回復する	取り除く	後悔する	改革する	発音する	要約する	証明する	復習する	復習する;批評	review = ①復習する；見直す ②批評；論評（例：review what I learned 学んだことを復習する）						
vocabulary	語彙 / Vocabulary	Practice Vocabulary lessons and units.	vocabulary-unit-52	Unit 52: Education and Learning	Practice vocabulary related to learning, school records, and self-improvement.	q8	multiple-choice	What does "regret" mean?	後悔する	復習する	回復する	改革する	取り除く	発音する	要約する	証明する	後悔する		regret = ①後悔する ②後悔；残念（例：regret not learning A Aを学ばなかったことを後悔する）						
vocabulary	語彙 / Vocabulary	Practice Vocabulary lessons and units.	vocabulary-unit-52	Unit 52: Education and Learning	Practice vocabulary related to learning, school records, and self-improvement.	q9	multiple-choice	What does "remove" mean?	取り除く	回復する	改革する	後悔する	復習する	発音する	要約する	証明する	取り除く	取り除く;脱ぐ	remove = ①取り除く ②脱ぐ（例：remove a sentence 文を取り除く）						
vocabulary	語彙 / Vocabulary	Practice Vocabulary lessons and units.	vocabulary-unit-52	Unit 52: Education and Learning	Practice vocabulary related to learning, school records, and self-improvement.	q10	multiple-choice	What does "reform" mean?	改革する	回復する	取り除く	後悔する	復習する	発音する	要約する	証明する	改革する		reform = 改革する；改革（例：reform the system 制度を改革する）						
vocabulary	語彙 / Vocabulary	Practice Vocabulary lessons and units.	vocabulary-unit-52	Unit 52: Education and Learning	Practice vocabulary related to learning, school records, and self-improvement.	q11	multiple-choice	What does "recover" mean?	回復する	改革する	取り除く	後悔する	復習する	発音する	要約する	証明する	回復する		recover = 回復する（例：recover from the flu インフルエンザから回復する）						
vocabulary	語彙 / Vocabulary	Practice Vocabulary lessons and units.	vocabulary-unit-53	Unit 53: Writing and Language	Practice vocabulary related to writing, text structure, and language.	q1	multiple-choice	What does "outline" mean?	概要	段落	小論文	例	言語	文字	主題	一節	概要	概要;輪郭	outline = ①概要；要点 ②輪郭（例：write an outline レポートの概要を書く）						
vocabulary	語彙 / Vocabulary	Practice Vocabulary lessons and units.	vocabulary-unit-53	Unit 53: Writing and Language	Practice vocabulary related to writing, text structure, and language.	q2	multiple-choice	What does "essay" mean?	小論文	概要	段落	例	言語	主題	論文	一節	小論文		essay = 小論文；レポート（例：write an essay 小論文を書く）						
vocabulary	語彙 / Vocabulary	Practice Vocabulary lessons and units.	vocabulary-unit-53	Unit 53: Writing and Language	Practice vocabulary related to writing, text structure, and language.	q3	multiple-choice	What does "follow" mean?	〜に従う	〜を否定する	〜を断る	〜を要約する	〜を提出する	〜を強調する	〜を証明する	〜を批判する	〜に従う	〜に従う;〜の後について行く	follow = ①〜に従う ②〜の後について行く（例：follow the instructions 指示に従う）						
vocabulary	語彙 / Vocabulary	Practice Vocabulary lessons and units.	vocabulary-unit-53	Unit 53: Writing and Language	Practice vocabulary related to writing, text structure, and language.	q4	multiple-choice	What does "instruction" mean?	指示	概要	段落	例	言語	主題	討論	調査	指示	指示;授業	instruction = ①指示 ②授業；教育（例：follow the instructions 指示に従う）						
vocabulary	語彙 / Vocabulary	Practice Vocabulary lessons and units.	vocabulary-unit-53	Unit 53: Writing and Language	Practice vocabulary related to writing, text structure, and language.	q5	multiple-choice	What does "previous" mean?	前の	共通の	典型的な	論理的な	一般的な	効果的な	形式ばった	比較的な	前の	以前の	previous = 前の；以前の（例：the previous lesson 前の授業）						
vocabulary	語彙 / Vocabulary	Practice Vocabulary lessons and units.	vocabulary-unit-53	Unit 53: Writing and Language	Practice vocabulary related to writing, text structure, and language.	q6	multiple-choice	What does "paragraph" mean?	段落	概要	小論文	例	言語	主題	一節	論文	段落		paragraph = 段落（例：the first paragraph 最初の段落）						
vocabulary	語彙 / Vocabulary	Practice Vocabulary lessons and units.	vocabulary-unit-53	Unit 53: Writing and Language	Practice vocabulary related to writing, text structure, and language.	q7	multiple-choice	What does "common" mean?	共通の	典型的な	論理的な	一般的な	形式ばった	効果的な	前の	比較的な	共通の	共通の;よくある	common = ①共通の ②よくある（例：a common mistake よくあるミス）						
vocabulary	語彙 / Vocabulary	Practice Vocabulary lessons and units.	vocabulary-unit-53	Unit 53: Writing and Language	Practice vocabulary related to writing, text structure, and language.	q8	multiple-choice	What does "language" mean?	言語	文字	段落	概要	語彙	主題	意味	小論文	言語		language = 言語（例：a native language 母国語）						
vocabulary	語彙 / Vocabulary	Practice Vocabulary lessons and units.	vocabulary-unit-53	Unit 53: Writing and Language	Practice vocabulary related to writing, text structure, and language.	q9	multiple-choice	What does "typical" mean?	典型的な	共通の	論理的な	一般的な	形式ばった	効果的な	前の	比較的な	典型的な	典型的な;特有の	typical = ①典型的な ②特有の（例：a typical example 典型的な例）						
vocabulary	語彙 / Vocabulary	Practice Vocabulary lessons and units.	vocabulary-unit-53	Unit 53: Writing and Language	Practice vocabulary related to writing, text structure, and language.	q10	multiple-choice	What does "example" mean?	例	概要	段落	小論文	言語	主題	一節	論文	例		example = 例（例：for example 例えば）						
vocabulary	語彙 / Vocabulary	Practice Vocabulary lessons and units.	vocabulary-unit-53	Unit 53: Writing and Language	Practice vocabulary related to writing, text structure, and language.	q11	multiple-choice	What does "capital" mean?	首都	地域	地区	国籍	文字	比率	割合	統計	首都	首都;大文字	capital = ①首都 ②大文字（例：Tokyo is the capital of Japan. 東京は日本の首都だ）						
vocabulary	語彙 / Vocabulary	Practice Vocabulary lessons and units.	vocabulary-unit-53	Unit 53: Writing and Language	Practice vocabulary related to writing, text structure, and language.	q12	multiple-choice	What does "letter" mean?	文字	言語	段落	語彙	意味	概要	例	主題	文字	文字;手紙	letter = ①文字 ②手紙（例：a capital letter 大文字）						
vocabulary	語彙 / Vocabulary	Practice Vocabulary lessons and units.	vocabulary-unit-54	Unit 54: Adverbs and Conjunctions	Practice adverbs and conjunctions used to express degree, frequency, and conditions.	q1	multiple-choice	What does "summarize" mean?	要約する	証明する	強調する	否定する	設立する	提出する	批判する	解釈する	要約する		summarize = 要約する（例：summarize the passage 本文を要約する）						
vocabulary	語彙 / Vocabulary	Practice Vocabulary lessons and units.	vocabulary-unit-54	Unit 54: Adverbs and Conjunctions	Practice adverbs and conjunctions used to express degree, frequency, and conditions.	q2	multiple-choice	What does "theme" mean?	テーマ	統計	理論	調査	要因	議論	地域	課題	テーマ	主題	theme = テーマ；主題（例：the theme of the essay レポートのテーマ）						
vocabulary	語彙 / Vocabulary	Practice Vocabulary lessons and units.	vocabulary-unit-54	Unit 54: Adverbs and Conjunctions	Practice adverbs and conjunctions used to express degree, frequency, and conditions.	q3	multiple-choice	What does "logical" mean?	論理的な	典型的な	効果的な	一般的な	形式ばった	比較的な	感情的な	客観的な	論理的な		logical = 論理的な（例：a logical argument 論理的な主張）						
vocabulary	語彙 / Vocabulary	Practice Vocabulary lessons and units.	vocabulary-unit-54	Unit 54: Adverbs and Conjunctions	Practice adverbs and conjunctions used to express degree, frequency, and conditions.	q4	multiple-choice	What does "phrase" mean?	句	段落	一節	語彙	言語	文字	概要	小論文	句	句;言い回し	phrase = ①句 ②言い回し（例：a useful phrase 便利な言い回し）						
vocabulary	語彙 / Vocabulary	Practice Vocabulary lessons and units.	vocabulary-unit-54	Unit 54: Adverbs and Conjunctions	Practice adverbs and conjunctions used to express degree, frequency, and conditions.	q5	multiple-choice	What does "passage" mean?	一節	段落	概要	句	言語	小論文	語彙	主題	一節	一節;通路	passage = ①（本文などの）一節 ②通路（例：read the passage 本文の一節を読む）						
vocabulary	語彙 / Vocabulary	Practice Vocabulary lessons and units.	vocabulary-unit-54	Unit 54: Adverbs and Conjunctions	Practice adverbs and conjunctions used to express degree, frequency, and conditions.	q6	multiple-choice	What does "relatively" mean?	比較的	完全に	たいてい	ほとんど	さらに	それにもかかわらず	したがって	しかしながら	比較的		relatively = 比較的（例：relatively easy 比較的簡単だ）						
vocabulary	語彙 / Vocabulary	Practice Vocabulary lessons and units.	vocabulary-unit-54	Unit 54: Adverbs and Conjunctions	Practice adverbs and conjunctions used to express degree, frequency, and conditions.	q7	multiple-choice	What does "nearly" mean?	ほとんど	したがって	さらに	しかしながら	感情	恐怖	統計	証明する	ほとんど	ほとんど;もう少しで	nearly = ほとんど；もう少しで（例：nearly finished もう少しで終わる）						
vocabulary	語彙 / Vocabulary	Practice Vocabulary lessons and units.	vocabulary-unit-54	Unit 54: Adverbs and Conjunctions	Practice adverbs and conjunctions used to express degree, frequency, and conditions.	q8	multiple-choice	What does "completely" mean?	完全に	したがって	さらに	しかしながら	理論	要因	調査	批判する	完全に		completely = 完全に（例：completely different 完全に違う）						
vocabulary	語彙 / Vocabulary	Practice Vocabulary lessons and units.	vocabulary-unit-54	Unit 54: Adverbs and Conjunctions	Practice adverbs and conjunctions used to express degree, frequency, and conditions.	q9	multiple-choice	What does "partly" mean?	部分的に	したがって	さらに	しかしながら	哲学	地理学	割合	設立する	部分的に	部分的に;一部は	partly = 部分的に；一部は（例：partly my fault 一部は私のせいだ）						
vocabulary	語彙 / Vocabulary	Practice Vocabulary lessons and units.	vocabulary-unit-54	Unit 54: Adverbs and Conjunctions	Practice adverbs and conjunctions used to express degree, frequency, and conditions.	q10	multiple-choice	What does "mostly" mean?	たいてい	したがって	さらに	しかしながら	目標	知識	語彙	解釈する	たいてい	たいてい;大部分は	mostly = たいてい；大部分は（例：mostly correct たいてい正しい）						
vocabulary	語彙 / Vocabulary	Practice Vocabulary lessons and units.	vocabulary-unit-54	Unit 54: Adverbs and Conjunctions	Practice adverbs and conjunctions used to express degree, frequency, and conditions.	q11	multiple-choice	What does "unless" mean?	〜でない限り	〜と違って	しかしながら	さらに	それにもかかわらず	したがって	一方で	つまり	〜でない限り	〜でない限り;もし〜でなければ	unless = 〜でない限り；もし〜でなければ（例：unless you study 勉強しない限り）						
vocabulary	語彙 / Vocabulary	Practice Vocabulary lessons and units.	vocabulary-unit-54	Unit 54: Adverbs and Conjunctions	Practice adverbs and conjunctions used to express degree, frequency, and conditions.	q12	multiple-choice	What does "unlike" mean?	〜と違って	〜でない限り	しかしながら	さらに	それにもかかわらず	したがって	一方で	つまり	〜と違って		unlike = 〜と違って（例：unlike him, she studies hard 彼と違って、彼女は一生懸命勉強する）						
vocabulary	語彙 / Vocabulary	Practice Vocabulary lessons and units.	vocabulary-unit-55	Unit 55: Discourse and Language	Practice vocabulary related to discourse connectors, language skills, and writing.	q1	multiple-choice	What does "therefore" mean?	したがって	一方で	つまり	それゆえに	感情	恐怖	統計	理論	したがって	したがって;それで	therefore = それで；したがって（例：therefore, we concluded したがって、私たちは結論を出した）						
vocabulary	語彙 / Vocabulary	Practice Vocabulary lessons and units.	vocabulary-unit-55	Unit 55: Discourse and Language	Practice vocabulary related to discourse connectors, language skills, and writing.	q2	multiple-choice	What does "moreover" mean?	さらに	一方で	つまり	したがって	目標	知識	割合	調査	さらに	さらに;その上	moreover = さらに；その上（例：moreover, she studied hard さらに、彼女は熱心に勉強した）						
vocabulary	語彙 / Vocabulary	Practice Vocabulary lessons and units.	vocabulary-unit-55	Unit 55: Discourse and Language	Practice vocabulary related to discourse connectors, language skills, and writing.	q3	multiple-choice	What does "furthermore" mean?	さらに	一方で	つまり	したがって	哲学	地理学	語彙	課題	さらに	さらに;その上	furthermore = さらに；その上（例：furthermore, the results showed さらに、結果が示した）						
vocabulary	語彙 / Vocabulary	Practice Vocabulary lessons and units.	vocabulary-unit-55	Unit 55: Discourse and Language	Practice vocabulary related to discourse connectors, language skills, and writing.	q4	multiple-choice	What does "however" mean?	しかしながら	一方で	つまり	したがって	要因	地域	議論	証明する	しかしながら		however = しかしながら（例：however, it was difficult しかしながら、それは難しかった）						
vocabulary	語彙 / Vocabulary	Practice Vocabulary lessons and units.	vocabulary-unit-55	Unit 55: Discourse and Language	Practice vocabulary related to discourse connectors, language skills, and writing.	q5	multiple-choice	What does "nevertheless" mean?	それにもかかわらず	一方で	つまり	したがって	理論	統計	設立する	批判する	それにもかかわらず		nevertheless = それにもかかわらず（例：nevertheless, she continued それにもかかわらず、彼女は続けた）						
vocabulary	語彙 / Vocabulary	Practice Vocabulary lessons and units.	vocabulary-unit-55	Unit 55: Discourse and Language	Practice vocabulary related to discourse connectors, language skills, and writing.	q6	multiple-choice	What does "pronounce" mean?	〜を発音する	〜を要約する	〜を証明する	〜を批判する	〜を設立する	〜を解釈する	〜を否定する	〜を提出する	〜を発音する		pronounce = 〜を発音する（例：pronounce the word correctly 単語を正しく発音する）						
vocabulary	語彙 / Vocabulary	Practice Vocabulary lessons and units.	vocabulary-unit-55	Unit 55: Discourse and Language	Practice vocabulary related to discourse connectors, language skills, and writing.	q7	multiple-choice	What does "vocabulary" mean?	語彙	意味	言語	文字	段落	概要	統計	理論	語彙		vocabulary = 語彙（例：expand your vocabulary 語彙を増やす）						
vocabulary	語彙 / Vocabulary	Practice Vocabulary lessons and units.	vocabulary-unit-55	Unit 55: Discourse and Language	Practice vocabulary related to discourse connectors, language skills, and writing.	q8	multiple-choice	What does "meaning" mean?	意味	語彙	言語	文字	段落	概要	割合	課題	意味		meaning = 意味（例：what is the meaning of this word? この単語の意味は何ですか）						
vocabulary	語彙 / Vocabulary	Practice Vocabulary lessons and units.	vocabulary-unit-55	Unit 55: Discourse and Language	Practice vocabulary related to discourse connectors, language skills, and writing.	q9	multiple-choice	What does "native" mean?	母国の	形式ばった	流ちょうな	論理的な	典型的な	効果的な	一般的な	学問的な	母国の	母国の;出身の人	native = ①母国の；母語の ②出身の人（例：native language 母国語）						
vocabulary	語彙 / Vocabulary	Practice Vocabulary lessons and units.	vocabulary-unit-55	Unit 55: Discourse and Language	Practice vocabulary related to discourse connectors, language skills, and writing.	q10	multiple-choice	What does "fluent" mean?	流ちょうな	形式ばった	論理的な	典型的な	効果的な	一般的な	学問的な	比較的な	流ちょうな		fluent = 流ちょうな（例：fluent in English 英語が流ちょうだ）						
vocabulary	語彙 / Vocabulary	Practice Vocabulary lessons and units.	vocabulary-unit-55	Unit 55: Discourse and Language	Practice vocabulary related to discourse connectors, language skills, and writing.	q11	multiple-choice	What does "formal" mean?	形式ばった	流ちょうな	論理的な	典型的な	効果的な	一般的な	学問的な	比較的な	形式ばった	形式ばった;正式の	formal = 形式ばった；正式の（例：formal English 正式な英語）						
vocabulary	語彙 / Vocabulary	Practice Vocabulary lessons and units.	vocabulary-unit-55	Unit 55: Discourse and Language	Practice vocabulary related to discourse connectors, language skills, and writing.	q12	multiple-choice	What does "fiction" mean?	小説	論文	小論文	概要	段落	一節	課題	理論	小説	小説;作り話	fiction = ①小説 ②作り話（例：science fiction SF小説）						
vocabulary	語彙 / Vocabulary	Practice Vocabulary lessons and units.	vocabulary-unit-56	Unit 56: Thinking and Speaking	Practice verbs related to thought, speech, and persuasion.	q1	multiple-choice	What does "doubt" mean?	疑う	〜と気づく	〜を否定する	〜を延期する	〜がわかる	〜を要約する	〜を証明する	〜を批判する	疑う		doubt = ①疑う ②疑い（例：I doubt that is true それは本当かどうか疑わしい）						
vocabulary	語彙 / Vocabulary	Practice Vocabulary lessons and units.	vocabulary-unit-56	Unit 56: Thinking and Speaking	Practice verbs related to thought, speech, and persuasion.	q2	multiple-choice	What does "wonder" mean?	〜かなと思う	疑う	〜と気づく	〜を否定する	〜を延期する	〜を要約する	〜を証明する	〜を批判する	〜かなと思う	〜かなと思う;〜かしらと思う	wonder = 〜かなと思う；〜かしらと思う（例：I wonder if she is okay 彼女は大丈夫かなと思う）						
vocabulary	語彙 / Vocabulary	Practice Vocabulary lessons and units.	vocabulary-unit-56	Unit 56: Thinking and Speaking	Practice verbs related to thought, speech, and persuasion.	q3	multiple-choice	What does "interpret" mean?	〜を解釈する	疑う	〜と気づく	〜を否定する	〜を延期する	〜を要約する	〜を証明する	〜を批判する	〜を解釈する	〜を解釈する;通訳する	interpret = ①〜を解釈する ②通訳する（例：interpret the results 結果を解釈する）						
vocabulary	語彙 / Vocabulary	Practice Vocabulary lessons and units.	vocabulary-unit-56	Unit 56: Thinking and Speaking	Practice verbs related to thought, speech, and persuasion.	q4	multiple-choice	What does "recognize" mean?	〜がわかる	疑う	〜かなと思う	〜を解釈する	〜と気づく	〜を設立する	〜を強調する	〜に応募する	〜がわかる	〜がわかる;〜と認識する	recognize = 〜がわかる；〜と認識する（例：recognize a face 顔がわかる）						
vocabulary	語彙 / Vocabulary	Practice Vocabulary lessons and units.	vocabulary-unit-56	Unit 56: Thinking and Speaking	Practice verbs related to thought, speech, and persuasion.	q5	multiple-choice	What does "realize" mean?	〜と気づく	疑う	〜かなと思う	〜を解釈する	〜がわかる	〜を設立する	〜を強調する	〜に応募する	〜と気づく	〜と気づく;〜を実現する	realize = ①〜と気づく ②〜を実現する（例：realize a mistake ミスに気づく）						
vocabulary	語彙 / Vocabulary	Practice Vocabulary lessons and units.	vocabulary-unit-56	Unit 56: Thinking and Speaking	Practice verbs related to thought, speech, and persuasion.	q6	multiple-choice	What does "claim" mean?	〜と主張する	〜を否定する	〜と不平を言う	〜を延期する	疑う	〜を批判する	〜を証明する	〜を要約する	〜と主張する	〜と主張する;〜を要求する	claim = ①〜と主張する ②〜を要求する（例：claim that it is true それは本当だと主張する）						
vocabulary	語彙 / Vocabulary	Practice Vocabulary lessons and units.	vocabulary-unit-56	Unit 56: Thinking and Speaking	Practice verbs related to thought, speech, and persuasion.	q7	multiple-choice	What does "argue" mean?	〜と主張する	〜を否定する	〜と不平を言う	〜を延期する	疑う	〜を批判する	〜に訴える	〜を要約する	〜と主張する	〜と主張する;議論する	argue = ①〜と主張する ②議論する（例：argue that she is right 彼女が正しいと主張する）						
vocabulary	語彙 / Vocabulary	Practice Vocabulary lessons and units.	vocabulary-unit-56	Unit 56: Thinking and Speaking	Practice verbs related to thought, speech, and persuasion.	q8	multiple-choice	What does "appeal" mean?	〜に訴える	〜と主張する	〜を否定する	〜と不平を言う	〜を延期する	〜を批判する	〜を証明する	〜を要約する	〜に訴える	〜に訴える;魅力がある	appeal = ①（to A）Aに訴える ②魅力がある（例：appeal to the audience 聴衆に訴える）						
vocabulary	語彙 / Vocabulary	Practice Vocabulary lessons and units.	vocabulary-unit-56	Unit 56: Thinking and Speaking	Practice verbs related to thought, speech, and persuasion.	q9	multiple-choice	What does "complain" mean?	〜と不平を言う	〜と主張する	〜を否定する	〜に訴える	〜を延期する	〜を批判する	〜を証明する	〜を要約する	〜と不平を言う		complain = 〜と不平を言う（例：complain about homework 宿題について不平を言う）						
vocabulary	語彙 / Vocabulary	Practice Vocabulary lessons and units.	vocabulary-unit-56	Unit 56: Thinking and Speaking	Practice verbs related to thought, speech, and persuasion.	q10	multiple-choice	What does "deny" mean?	〜を否定する	〜と主張する	〜と不平を言う	〜に訴える	〜を延期する	〜を批判する	〜を証明する	〜を要約する	〜を否定する		deny = 〜を否定する（例：deny the rumor うわさを否定する）						
vocabulary	語彙 / Vocabulary	Practice Vocabulary lessons and units.	vocabulary-unit-56	Unit 56: Thinking and Speaking	Practice verbs related to thought, speech, and persuasion.	q11	multiple-choice	What does "postpone" mean?	〜を延期する	〜と主張する	〜を否定する	〜と不平を言う	〜に訴える	〜を批判する	〜を証明する	〜を要約する	〜を延期する		postpone = 〜を延期する（例：postpone the meeting 会議を延期する）						
vocabulary	語彙 / Vocabulary	Practice Vocabulary lessons and units.	vocabulary-unit-57	Unit 57: Respect and Responses	Practice vocabulary related to attitudes, apologies, leadership, applications, and refusals.	q1	multiple-choice	What does 「respect」 mean?	〜を尊敬する	〜を軽蔑する	〜を延期する	〜を予測する	〜を提出する	症状	目標	化学	〜を尊敬する	〜を尊敬する;尊敬	respect = ①〜を尊敬する ②尊敬						
vocabulary	語彙 / Vocabulary	Practice Vocabulary lessons and units.	vocabulary-unit-57	Unit 57: Respect and Responses	Practice vocabulary related to attitudes, apologies, leadership, applications, and refusals.	q2	multiple-choice	What does 「despise」 mean?	〜を軽蔑する	〜に謝罪する	〜を達成する	〜を想像する	〜を証明する	目標	感情	地理学	〜を軽蔑する		despise = 〜を軽蔑する						
vocabulary	語彙 / Vocabulary	Practice Vocabulary lessons and units.	vocabulary-unit-57	Unit 57: Respect and Responses	Practice vocabulary related to attitudes, apologies, leadership, applications, and refusals.	q3	multiple-choice	What does 「criticize」 mean?	〜を批判する	〜をほめる	〜を拒否する	〜を導く	〜を計算する	論文	痛み	建築	〜を批判する		criticize = 〜を批判する						
vocabulary	語彙 / Vocabulary	Practice Vocabulary lessons and units.	vocabulary-unit-57	Unit 57: Respect and Responses	Practice vocabulary related to attitudes, apologies, leadership, applications, and refusals.	q4	multiple-choice	What does 「praise」 mean?	〜をほめる	〜を批判する	〜を無視する	〜に応募する	〜を提出する	哲学	気分	割合	〜をほめる		praise = 〜をほめる						
vocabulary	語彙 / Vocabulary	Practice Vocabulary lessons and units.	vocabulary-unit-57	Unit 57: Respect and Responses	Practice vocabulary related to attitudes, apologies, leadership, applications, and refusals.	q5	multiple-choice	What does 「appreciate」 mean?	〜に感謝する	〜を裏切る	〜と仮定する	〜を拒否する	〜を治療する	言語学	熱	影響	〜に感謝する	〜に感謝する;〜を正しく理解する	appreciate = ①〜に感謝する ②〜を正しく理解する						
vocabulary	語彙 / Vocabulary	Practice Vocabulary lessons and units.	vocabulary-unit-57	Unit 57: Respect and Responses	Practice vocabulary related to attitudes, apologies, leadership, applications, and refusals.	q6	multiple-choice	What does 「apologize」 mean?	〜に謝罪する	〜をだます	〜を達成する	〜を予測する	〜を提出する	恐怖	統計	筋肉	〜に謝罪する		apologize = 〜に謝罪する						
vocabulary	語彙 / Vocabulary	Practice Vocabulary lessons and units.	vocabulary-unit-57	Unit 57: Respect and Responses	Practice vocabulary related to attitudes, apologies, leadership, applications, and refusals.	q7	multiple-choice	What does 「lead」 mean?	〜を導く	〜を軽蔑する	〜を拒否する	〜を計算する	〜を想像する	神経	百分率	天文学	〜を導く	〜を導く;〜を主導する;〜につながる	lead = ①〜を導く；〜を主導する ②〜につながる						
vocabulary	語彙 / Vocabulary	Practice Vocabulary lessons and units.	vocabulary-unit-57	Unit 57: Respect and Responses	Practice vocabulary related to attitudes, apologies, leadership, applications, and refusals.	q8	multiple-choice	What does 「apply」 mean?	〜に応募する	〜に謝罪する	〜を尊敬する	〜を邪魔する	〜を割る	〜を研究する	筋肉	経済学	〜に応募する	〜に応募する;〜を当てはめる	apply = ①〜に応募する ②〜を当てはめる						
vocabulary	語彙 / Vocabulary	Practice Vocabulary lessons and units.	vocabulary-unit-57	Unit 57: Respect and Responses	Practice vocabulary related to attitudes, apologies, leadership, applications, and refusals.	q9	multiple-choice	What does 「decline」 mean?	〜を断る	〜を導く	〜を提出する	〜を増やす	〜を特定する	薬	文学	機会	〜を断る	〜を断る;減少する	decline = ①〜を断る ②減少する						
vocabulary	語彙 / Vocabulary	Practice Vocabulary lessons and units.	vocabulary-unit-58	Unit 58: Deception, Guessing, and Resistance	Practice vocabulary related to deception, guessing, imagination, prediction, refusal, resistance, and protest.	q1	multiple-choice	What does 「cheat」 mean?	ごまかす	〜を尊敬する	〜を想像する	〜を提出する	目標	痛み	複雑な	統計	ごまかす	ごまかす;カンニングをする	cheat = ①ごまかす ②カンニングをする						
vocabulary	語彙 / Vocabulary	Practice Vocabulary lessons and units.	vocabulary-unit-58	Unit 58: Deception, Guessing, and Resistance	Practice vocabulary related to deception, guessing, imagination, prediction, refusal, resistance, and protest.	q2	multiple-choice	What does 「mislead」 mean?	〜を誤解させる	〜をほめる	〜を計算する	〜を治療する	心理学	割合	気分	安定した	〜を誤解させる	〜を誤解させる;〜をだます	mislead = 〜を誤解させる；だます						
vocabulary	語彙 / Vocabulary	Practice Vocabulary lessons and units.	vocabulary-unit-58	Unit 58: Deception, Guessing, and Resistance	Practice vocabulary related to deception, guessing, imagination, prediction, refusal, resistance, and protest.	q3	multiple-choice	What does 「trick」 mean?	だます	〜を批判する	〜に謝罪する	〜を達成する	文学	症状	機会	効果的な	だます	だます;いたずら	trick = ①だます ②いたずら						
vocabulary	語彙 / Vocabulary	Practice Vocabulary lessons and units.	vocabulary-unit-58	Unit 58: Deception, Guessing, and Resistance	Practice vocabulary related to deception, guessing, imagination, prediction, refusal, resistance, and protest.	q4	multiple-choice	What does 「deceive」 mean?	〜をだます	〜を予測する	〜を導く	〜を提出する	地理学	筋肉	例外	お気に入りの	〜をだます		deceive = 〜をだます						
vocabulary	語彙 / Vocabulary	Practice Vocabulary lessons and units.	vocabulary-unit-58	Unit 58: Deception, Guessing, and Resistance	Practice vocabulary related to deception, guessing, imagination, prediction, refusal, resistance, and protest.	q5	multiple-choice	What does 「betray」 mean?	〜を裏切る	〜を軽蔑する	〜を計算する	〜を特定する	哲学	情報源	一般的な	のど	〜を裏切る		betray = 〜を裏切る						
vocabulary	語彙 / Vocabulary	Practice Vocabulary lessons and units.	vocabulary-unit-58	Unit 58: Deception, Guessing, and Resistance	Practice vocabulary related to deception, guessing, imagination, prediction, refusal, resistance, and protest.	q6	multiple-choice	What does 「suppose」 mean?	〜だと思う	〜を拒否する	〜を増やす	〜を研究する	天文学	感情	傷	効果的な	〜だと思う	〜だと思う;〜と仮定する	suppose = ①〜だと思う ②〜と仮定する						
vocabulary	語彙 / Vocabulary	Practice Vocabulary lessons and units.	vocabulary-unit-58	Unit 58: Deception, Guessing, and Resistance	Practice vocabulary related to deception, guessing, imagination, prediction, refusal, resistance, and protest.	q7	multiple-choice	What does 「guess」 mean?	〜を推測する	〜を割る	〜を設立する	〜を断る	経済学	恐怖	薬	安定した	〜を推測する	〜を推測する;〜と思う	guess = ①〜を推測する ②〜と思う						
vocabulary	語彙 / Vocabulary	Practice Vocabulary lessons and units.	vocabulary-unit-58	Unit 58: Deception, Guessing, and Resistance	Practice vocabulary related to deception, guessing, imagination, prediction, refusal, resistance, and protest.	q8	multiple-choice	What does 「imagine」 mean?	〜を想像する	〜を批判する	〜に応募する	〜を証明する	建築	百分率	のど	大多数	〜を想像する		imagine = 〜を想像する						
vocabulary	語彙 / Vocabulary	Practice Vocabulary lessons and units.	vocabulary-unit-58	Unit 58: Deception, Guessing, and Resistance	Practice vocabulary related to deception, guessing, imagination, prediction, refusal, resistance, and protest.	q9	multiple-choice	What does 「predict」 mean?	〜を予測する	〜を軽蔑する	〜に感謝する	〜を提出する	言語学	胃	要因	痛い	〜を予測する		predict = 〜を予測する						
vocabulary	語彙 / Vocabulary	Practice Vocabulary lessons and units.	vocabulary-unit-58	Unit 58: Deception, Guessing, and Resistance	Practice vocabulary related to deception, guessing, imagination, prediction, refusal, resistance, and protest.	q10	multiple-choice	What does 「refuse」 mean?	〜を拒否する	〜を導く	〜を想像する	〜を治療する	生物学	気分	血液	目標	〜を拒否する		refuse = 〜を拒否する						
vocabulary	語彙 / Vocabulary	Practice Vocabulary lessons and units.	vocabulary-unit-58	Unit 58: Deception, Guessing, and Resistance	Practice vocabulary related to deception, guessing, imagination, prediction, refusal, resistance, and protest.	q11	multiple-choice	What does 「resist」 mean?	〜に抵抗する	〜をほめる	〜を特定する	〜を計算する	社会学	肺	図表	複雑な	〜に抵抗する		resist = 〜に抵抗する						
vocabulary	語彙 / Vocabulary	Practice Vocabulary lessons and units.	vocabulary-unit-58	Unit 58: Deception, Guessing, and Resistance	Practice vocabulary related to deception, guessing, imagination, prediction, refusal, resistance, and protest.	q12	multiple-choice	What does 「protest」 mean?	〜に抗議する	〜を尊敬する	〜を研究する	〜を割る	人類学	症状	機会	効果的な	〜に抗議する	〜に抗議する;抗議	protest = ①〜に抗議する ②抗議						
vocabulary	語彙 / Vocabulary	Practice Vocabulary lessons and units.	vocabulary-unit-59	Unit 59: Emotions and Feelings	Practice vocabulary related to emotions, moods, temperament, and desire.	q1	multiple-choice	What does 「jealous」 mean?	ねたんで	〜を計算する	化学	安定した	目標	〜を拒否する	肺	複雑な	ねたんで	ねたんで;うらやんで	jealous = ねたんで；うらやんで						
vocabulary	語彙 / Vocabulary	Practice Vocabulary lessons and units.	vocabulary-unit-59	Unit 59: Emotions and Feelings	Practice vocabulary related to emotions, moods, temperament, and desire.	q2	multiple-choice	What does 「upset」 mean?	動揺した	〜を提出する	天文学	割合	痛み	〜を導く	機会	一般的な	動揺した	動揺した;腹を立てて	upset = 動揺した；腹を立てて						
vocabulary	語彙 / Vocabulary	Practice Vocabulary lessons and units.	vocabulary-unit-59	Unit 59: Emotions and Feelings	Practice vocabulary related to emotions, moods, temperament, and desire.	q3	multiple-choice	What does 「amused」 mean?	面白がって	〜を尊敬する	地理学	症状	百分率	〜を割る	お気に入りの	胃	面白がって		amused = 面白がって						
vocabulary	語彙 / Vocabulary	Practice Vocabulary lessons and units.	vocabulary-unit-59	Unit 59: Emotions and Feelings	Practice vocabulary related to emotions, moods, temperament, and desire.	q4	multiple-choice	What does 「thrilled」 mean?	わくわくして	〜を批判する	心理学	筋肉	例外	〜を特定する	効果的な	のど	わくわくして	わくわくして;ぞくぞくして	thrilled = わくわくして；ぞくぞくして						
vocabulary	語彙 / Vocabulary	Practice Vocabulary lessons and units.	vocabulary-unit-59	Unit 59: Emotions and Feelings	Practice vocabulary related to emotions, moods, temperament, and desire.	q5	multiple-choice	What does 「delighted」 mean?	大変うれしく思って	〜を軽蔑する	哲学	情報源	統計	〜を研究する	痛い	血液	大変うれしく思って		delighted = 大変うれしく思って						
vocabulary	語彙 / Vocabulary	Practice Vocabulary lessons and units.	vocabulary-unit-59	Unit 59: Emotions and Feelings	Practice vocabulary related to emotions, moods, temperament, and desire.	q6	multiple-choice	What does 「ashamed」 mean?	恥じて	〜に謝罪する	経済学	図表	薬	〜を証明する	安定した	建築	恥じて		ashamed = 恥じて						
vocabulary	語彙 / Vocabulary	Practice Vocabulary lessons and units.	vocabulary-unit-59	Unit 59: Emotions and Feelings	Practice vocabulary related to emotions, moods, temperament, and desire.	q7	multiple-choice	What does 「emotion」 mean?	感情	〜をほめる	生物学	大多数	熱	〜に応募する	複雑な	神経	感情	感情;感動	emotion = 感情；感動						
vocabulary	語彙 / Vocabulary	Practice Vocabulary lessons and units.	vocabulary-unit-59	Unit 59: Emotions and Feelings	Practice vocabulary related to emotions, moods, temperament, and desire.	q8	multiple-choice	What does 「mood」 mean?	気分	〜を想像する	社会学	要因	傷	〜を治療する	一般的な	文学	気分	気分;機嫌	mood = 気分；機嫌						
vocabulary	語彙 / Vocabulary	Practice Vocabulary lessons and units.	vocabulary-unit-59	Unit 59: Emotions and Feelings	Practice vocabulary related to emotions, moods, temperament, and desire.	q9	multiple-choice	What does 「temper」 mean?	気質	〜を裏切る	人類学	項目	恐怖	〜を増やす	効果的な	言語学	気質	気質;気性	temper = 気質；気性						
vocabulary	語彙 / Vocabulary	Practice Vocabulary lessons and units.	vocabulary-unit-59	Unit 59: Emotions and Feelings	Practice vocabulary related to emotions, moods, temperament, and desire.	q10	multiple-choice	What does 「desire」 mean?	欲望	〜を予測する	物理学	保険	研究所	〜を断る	お気に入りの	肺	欲望	欲望;願望	desire = 欲望；願望						
vocabulary	語彙 / Vocabulary	Practice Vocabulary lessons and units.	vocabulary-unit-60	Unit 60: Surprise, Annoyance, and Fear	Practice vocabulary related to surprise, annoyance, interruption, fear, and horror.	q1	multiple-choice	What does 「amazed」 mean?	びっくりして	〜を計算する	天文学	割合	目標	〜を拒否する	保険	複雑な	びっくりして		amazed = びっくりして						
vocabulary	語彙 / Vocabulary	Practice Vocabulary lessons and units.	vocabulary-unit-60	Unit 60: Surprise, Annoyance, and Fear	Practice vocabulary related to surprise, annoyance, interruption, fear, and horror.	q2	multiple-choice	What does 「astonished」 mean?	非常に驚いて	〜を提出する	化学	症状	大多数	〜を導く	血液	一般的な	非常に驚いて		astonished = 非常に驚いて						
vocabulary	語彙 / Vocabulary	Practice Vocabulary lessons and units.	vocabulary-unit-60	Unit 60: Surprise, Annoyance, and Fear	Practice vocabulary related to surprise, annoyance, interruption, fear, and horror.	q3	multiple-choice	What does 「annoyed」 mean?	いらだって	〜を尊敬する	地理学	百分率	のど	〜を割る	機会	安定した	いらだって		annoyed = いらだって						
vocabulary	語彙 / Vocabulary	Practice Vocabulary lessons and units.	vocabulary-unit-60	Unit 60: Surprise, Annoyance, and Fear	Practice vocabulary related to surprise, annoyance, interruption, fear, and horror.	q4	multiple-choice	What does 「frustrated」 mean?	欲求不満で	〜を批判する	心理学	筋肉	例外	〜を特定する	効果的な	文学	欲求不満で		frustrated = 欲求不満で						
vocabulary	語彙 / Vocabulary	Practice Vocabulary lessons and units.	vocabulary-unit-60	Unit 60: Surprise, Annoyance, and Fear	Practice vocabulary related to surprise, annoyance, interruption, fear, and horror.	q5	multiple-choice	What does 「disturb」 mean?	〜を邪魔する	〜を軽蔑する	哲学	情報源	統計	〜を研究する	痛い	建築	〜を邪魔する		disturb = 〜を邪魔する						
vocabulary	語彙 / Vocabulary	Practice Vocabulary lessons and units.	vocabulary-unit-60	Unit 60: Surprise, Annoyance, and Fear	Practice vocabulary related to surprise, annoyance, interruption, fear, and horror.	q6	multiple-choice	What does 「interrupt」 mean?	〜をさえぎる	〜に謝罪する	経済学	図表	薬	〜を証明する	お気に入りの	肺	〜をさえぎる	〜をさえぎる;〜を邪魔する	interrupt = 〜をさえぎる；〜を邪魔する						
vocabulary	語彙 / Vocabulary	Practice Vocabulary lessons and units.	vocabulary-unit-60	Unit 60: Surprise, Annoyance, and Fear	Practice vocabulary related to surprise, annoyance, interruption, fear, and horror.	q7	multiple-choice	What does 「bother」 mean?	〜を悩ませる	〜をほめる	生物学	項目	熱	〜に応募する	複雑な	神経	〜を悩ませる	〜を悩ませる;〜をわずらわせる	bother = 〜を悩ませる；〜をわずらわせる						
vocabulary	語彙 / Vocabulary	Practice Vocabulary lessons and units.	vocabulary-unit-60	Unit 60: Surprise, Annoyance, and Fear	Practice vocabulary related to surprise, annoyance, interruption, fear, and horror.	q8	multiple-choice	What does 「irritate」 mean?	〜をいらいらさせる	〜を想像する	社会学	要因	傷	〜を治療する	一般的な	物理学	〜をいらいらさせる		irritate = 〜をいらいらさせる						
vocabulary	語彙 / Vocabulary	Practice Vocabulary lessons and units.	vocabulary-unit-60	Unit 60: Surprise, Annoyance, and Fear	Practice vocabulary related to surprise, annoyance, interruption, fear, and horror.	q9	multiple-choice	What does 「ignore」 mean?	〜を無視する	〜を裏切る	人類学	研究所	百分率	〜を増やす	効果的な	胃	〜を無視する		ignore = 〜を無視する						
vocabulary	語彙 / Vocabulary	Practice Vocabulary lessons and units.	vocabulary-unit-60	Unit 60: Surprise, Annoyance, and Fear	Practice vocabulary related to surprise, annoyance, interruption, fear, and horror.	q10	multiple-choice	What does 「fear」 mean?	恐怖	〜を予測する	言語学	保険	肺	〜を断る	お気に入りの	目標	恐怖	恐怖;恐怖心;不安;〜を恐れる;〜を心配する	fear = 恐怖；恐怖心；不安；〜を恐れる；〜を心配する						
vocabulary	語彙 / Vocabulary	Practice Vocabulary lessons and units.	vocabulary-unit-60	Unit 60: Surprise, Annoyance, and Fear	Practice vocabulary related to surprise, annoyance, interruption, fear, and horror.	q11	multiple-choice	What does 「terror」 mean?	強い恐怖	〜に抵抗する	文学	割合	のど	〜を達成する	安定した	筋肉	強い恐怖	強い恐怖;テロ	terror = 強い恐怖；テロ						
vocabulary	語彙 / Vocabulary	Practice Vocabulary lessons and units.	vocabulary-unit-60	Unit 60: Surprise, Annoyance, and Fear	Practice vocabulary related to surprise, annoyance, interruption, fear, and horror.	q12	multiple-choice	What does 「horror」 mean?	ぞっとするような恐怖	〜を批判する	建築	統計	血液	〜を提出する	複雑な	機会	ぞっとするような恐怖		horror = ぞっとするような恐怖						
vocabulary	語彙 / Vocabulary	Practice Vocabulary lessons and units.	vocabulary-unit-61	Unit 61: Academic Subjects	Practice vocabulary related to school subjects and academic fields.	q1	multiple-choice	What does 「chemistry」 mean?	化学	ねたんで	〜を提出する	目標	痛み	統計	複雑な	〜を予測する	化学		chemistry = 化学						
vocabulary	語彙 / Vocabulary	Practice Vocabulary lessons and units.	vocabulary-unit-61	Unit 61: Academic Subjects	Practice vocabulary related to school subjects and academic fields.	q2	multiple-choice	What does 「astronomy」 mean?	天文学	動揺した	〜を計算する	症状	割合	機会	安定した	〜を拒否する	天文学		astronomy = 天文学						
vocabulary	語彙 / Vocabulary	Practice Vocabulary lessons and units.	vocabulary-unit-61	Unit 61: Academic Subjects	Practice vocabulary related to school subjects and academic fields.	q3	multiple-choice	What does 「philosophy」 mean?	哲学	面白がって	〜を尊敬する	保険	大多数	のど	効果的な	〜を導く	哲学		philosophy = 哲学						
vocabulary	語彙 / Vocabulary	Practice Vocabulary lessons and units.	vocabulary-unit-61	Unit 61: Academic Subjects	Practice vocabulary related to school subjects and academic fields.	q4	multiple-choice	What does 「geography」 mean?	地理学	わくわくして	〜を批判する	血液	例外	目標	一般的な	〜を割る	地理学	地理学;地理	geography = 地理学；地理						
vocabulary	語彙 / Vocabulary	Practice Vocabulary lessons and units.	vocabulary-unit-61	Unit 61: Academic Subjects	Practice vocabulary related to school subjects and academic fields.	q5	multiple-choice	What does 「psychology」 mean?	心理学	大変うれしく思って	〜を軽蔑する	肺	項目	研究所	お気に入りの	〜を特定する	心理学	心理学;心理	psychology = 心理学；心理						
vocabulary	語彙 / Vocabulary	Practice Vocabulary lessons and units.	vocabulary-unit-61	Unit 61: Academic Subjects	Practice vocabulary related to school subjects and academic fields.	q6	multiple-choice	What does 「biology」 mean?	生物学	恥じて	〜に謝罪する	筋肉	図表	情報源	複雑な	〜を証明する	生物学		biology = 生物学						
vocabulary	語彙 / Vocabulary	Practice Vocabulary lessons and units.	vocabulary-unit-61	Unit 61: Academic Subjects	Practice vocabulary related to school subjects and academic fields.	q7	multiple-choice	What does 「anthropology」 mean?	人類学	感情	〜をほめる	胃	百分率	傷	安定した	〜を増やす	人類学		anthropology = 人類学						
vocabulary	語彙 / Vocabulary	Practice Vocabulary lessons and units.	vocabulary-unit-61	Unit 61: Academic Subjects	Practice vocabulary related to school subjects and academic fields.	q8	multiple-choice	What does 「sociology」 mean?	社会学	気分	〜を想像する	神経	要因	痛い	効果的な	〜に応募する	社会学		sociology = 社会学						
vocabulary	語彙 / Vocabulary	Practice Vocabulary lessons and units.	vocabulary-unit-61	Unit 61: Academic Subjects	Practice vocabulary related to school subjects and academic fields.	q9	multiple-choice	What does 「physics」 mean?	物理学	気質	〜を裏切る	薬	統計	血液	一般的な	〜を研究する	物理学		physics = 物理学						
vocabulary	語彙 / Vocabulary	Practice Vocabulary lessons and units.	vocabulary-unit-61	Unit 61: Academic Subjects	Practice vocabulary related to school subjects and academic fields.	q10	multiple-choice	What does 「economics」 mean?	経済学	欲望	〜を予測する	熱	割合	機会	お気に入りの	〜を断る	経済学		economics = 経済学						
vocabulary	語彙 / Vocabulary	Practice Vocabulary lessons and units.	vocabulary-unit-61	Unit 61: Academic Subjects	Practice vocabulary related to school subjects and academic fields.	q11	multiple-choice	What does 「linguistics」 mean?	言語学	びっくりして	〜を拒否する	症状	大多数	のど	複雑な	〜を達成する	言語学		linguistics = 言語学						
vocabulary	語彙 / Vocabulary	Practice Vocabulary lessons and units.	vocabulary-unit-61	Unit 61: Academic Subjects	Practice vocabulary related to school subjects and academic fields.	q12	multiple-choice	What does 「literature」 mean?	文学	いらだって	〜を提出する	肺	図表	目標	安定した	〜を治療する	文学		literature = 文学						
vocabulary	語彙 / Vocabulary	Practice Vocabulary lessons and units.	vocabulary-unit-61	Unit 61: Academic Subjects	Practice vocabulary related to school subjects and academic fields.	q13	multiple-choice	What does 「architecture」 mean?	建築学	欲求不満で	〜を計算する	保険	例外	筋肉	効果的な	〜を導く	建築学	建築学;建築	architecture = 建築学；建築						
vocabulary	語彙 / Vocabulary	Practice Vocabulary lessons and units.	vocabulary-unit-62	Unit 62: Learning and Study Skills	Practice vocabulary related to school subjects, goals, assignments, skills, and study methods.	q1	multiple-choice	What does 「favorite」 mean?	お気に入りの	一般的な	効果的な	安定した	複雑な	目標	〜を提出する	知識	お気に入りの	お気に入りの;大好きな	favorite = お気に入りの；大好きな						
vocabulary	語彙 / Vocabulary	Practice Vocabulary lessons and units.	vocabulary-unit-62	Unit 62: Learning and Study Skills	Practice vocabulary related to school subjects, goals, assignments, skills, and study methods.	q2	multiple-choice	What does 「subject」 mean?	科目	課題	方法	知識	心理学	〜を達成する	気分	割合	科目	科目;主題;主語	subject = ①科目 ②主題 ③主語						
vocabulary	語彙 / Vocabulary	Practice Vocabulary lessons and units.	vocabulary-unit-62	Unit 62: Learning and Study Skills	Practice vocabulary related to school subjects, goals, assignments, skills, and study methods.	q3	multiple-choice	What does 「general」 mean?	一般的な	お気に入りの	効果的な	痛い	安定した	欲求不満で	方法	〜を予測する	一般的な	一般的な;全体的な	general = 一般的な；全体的な						
vocabulary	語彙 / Vocabulary	Practice Vocabulary lessons and units.	vocabulary-unit-62	Unit 62: Learning and Study Skills	Practice vocabulary related to school subjects, goals, assignments, skills, and study methods.	q4	multiple-choice	What does 「knowledge」 mean?	知識	技術	目標	科目	感情	統計	〜を拒否する	建築学	知識		knowledge = 知識						
vocabulary	語彙 / Vocabulary	Practice Vocabulary lessons and units.	vocabulary-unit-62	Unit 62: Learning and Study Skills	Practice vocabulary related to school subjects, goals, assignments, skills, and study methods.	q5	multiple-choice	What does 「achieve」 mean?	〜を達成する	〜を向上させる	〜を提出する	〜を計算する	〜を予測する	目標	症状	哲学	〜を達成する	〜を達成する;〜を獲得する	achieve = 〜を達成する；〜を獲得する						
vocabulary	語彙 / Vocabulary	Practice Vocabulary lessons and units.	vocabulary-unit-62	Unit 62: Learning and Study Skills	Practice vocabulary related to school subjects, goals, assignments, skills, and study methods.	q6	multiple-choice	What does 「goal」 mean?	目標	科目	課題	割合	欲望	化学	〜を導く	効果的な	目標		goal = 目標						
vocabulary	語彙 / Vocabulary	Practice Vocabulary lessons and units.	vocabulary-unit-62	Unit 62: Learning and Study Skills	Practice vocabulary related to school subjects, goals, assignments, skills, and study methods.	q7	multiple-choice	What does 「improve」 mean?	〜を向上させる	〜を達成する	〜を提出する	〜を批判する	〜を治療する	技術	恐怖	経済学	〜を向上させる	〜を向上させる;向上する	improve = 〜を向上させる；向上する						
vocabulary	語彙 / Vocabulary	Practice Vocabulary lessons and units.	vocabulary-unit-62	Unit 62: Learning and Study Skills	Practice vocabulary related to school subjects, goals, assignments, skills, and study methods.	q8	multiple-choice	What does 「skill」 mean?	技術	知識	方法	任務	筋肉	例外	〜に応募する	社会学	技術	技術;能力	skill = 技術；能力						
vocabulary	語彙 / Vocabulary	Practice Vocabulary lessons and units.	vocabulary-unit-62	Unit 62: Learning and Study Skills	Practice vocabulary related to school subjects, goals, assignments, skills, and study methods.	q9	multiple-choice	What does 「submit」 mean?	〜を提出する	〜を達成する	〜を向上させる	〜を尊敬する	〜を割る	課題	肺	天文学	〜を提出する		submit = 〜を提出する						
vocabulary	語彙 / Vocabulary	Practice Vocabulary lessons and units.	vocabulary-unit-62	Unit 62: Learning and Study Skills	Practice vocabulary related to school subjects, goals, assignments, skills, and study methods.	q10	multiple-choice	What does 「assignment」 mean?	課題	科目	目標	方法	図表	のど	〜を裏切る	一般的な	課題	課題;任務	assignment = ①課題 ②任務						
vocabulary	語彙 / Vocabulary	Practice Vocabulary lessons and units.	vocabulary-unit-62	Unit 62: Learning and Study Skills	Practice vocabulary related to school subjects, goals, assignments, skills, and study methods.	q11	multiple-choice	What does 「effective」 mean?	効果的な	一般的な	お気に入りの	複雑な	動揺した	方法	〜を証明する	血液	効果的な		effective = 効果的な						
vocabulary	語彙 / Vocabulary	Practice Vocabulary lessons and units.	vocabulary-unit-62	Unit 62: Learning and Study Skills	Practice vocabulary related to school subjects, goals, assignments, skills, and study methods.	q12	multiple-choice	What does 「method」 mean?	方法	技術	知識	課題	研究所	神経	〜に謝罪する	安定した	方法	方法;方式	method = 方法；方式						
vocabulary	語彙 / Vocabulary	Practice Vocabulary lessons and units.	vocabulary-unit-63	Unit 63: Discussion, Regions, and Emphasis	Practice vocabulary related to factors, regions, debate, reference, emphasis, and founding.	q1	multiple-choice	What does 「factor」 mean?	要因	方法	地域	主張	課題	〜を提出する	心理学	痛み	要因	要因;要素	factor = 要因；要素						
vocabulary	語彙 / Vocabulary	Practice Vocabulary lessons and units.	vocabulary-unit-63	Unit 63: Discussion, Regions, and Emphasis	Practice vocabulary related to factors, regions, debate, reference, emphasis, and founding.	q2	multiple-choice	What does 「element」 mean?	要素	目標	地区	討論	知識	〜を計算する	生物学	症状	要素	要素;要因	element = 要素；要因						
vocabulary	語彙 / Vocabulary	Practice Vocabulary lessons and units.	vocabulary-unit-63	Unit 63: Discussion, Regions, and Emphasis	Practice vocabulary related to factors, regions, debate, reference, emphasis, and founding.	q3	multiple-choice	What does 「region」 mean?	地域	要因	科目	口論	割合	〜を拒否する	地理学	筋肉	地域	地域;地方	region = 地域；地方						
vocabulary	語彙 / Vocabulary	Practice Vocabulary lessons and units.	vocabulary-unit-63	Unit 63: Discussion, Regions, and Emphasis	Practice vocabulary related to factors, regions, debate, reference, emphasis, and founding.	q4	multiple-choice	What does 「district」 mean?	地区	要素	方法	強勢	感情	〜を予測する	経済学	血液	地区	地区;地域	district = 地区；地域						
vocabulary	語彙 / Vocabulary	Practice Vocabulary lessons and units.	vocabulary-unit-63	Unit 63: Discussion, Regions, and Emphasis	Practice vocabulary related to factors, regions, debate, reference, emphasis, and founding.	q5	multiple-choice	What does 「debate」 mean?	討論	知識	地域	重点	目標	〜を達成する	哲学	のど	討論	討論;〜を討論する	debate = 討論；〜を討論する						
vocabulary	語彙 / Vocabulary	Practice Vocabulary lessons and units.	vocabulary-unit-63	Unit 63: Discussion, Regions, and Emphasis	Practice vocabulary related to factors, regions, debate, reference, emphasis, and founding.	q6	multiple-choice	What does 「argument」 mean?	議論	要因	課題	アクセント	機会	〜を治療する	文学	肺	議論	議論;口論;主張	argument = ①議論 ②口論 ③主張						
vocabulary	語彙 / Vocabulary	Practice Vocabulary lessons and units.	vocabulary-unit-63	Unit 63: Discussion, Regions, and Emphasis	Practice vocabulary related to factors, regions, debate, reference, emphasis, and founding.	q7	multiple-choice	What does 「refer」 mean?	〜に言及する	〜を提出する	〜を強調する	〜を設立する	統計	痛い	天文学	お気に入りの	〜に言及する	〜に言及する;〜を示す;〜を参照する	refer = ①〜に言及する ②〜を示す ③〜を参照する						
vocabulary	語彙 / Vocabulary	Practice Vocabulary lessons and units.	vocabulary-unit-63	Unit 63: Discussion, Regions, and Emphasis	Practice vocabulary related to factors, regions, debate, reference, emphasis, and founding.	q8	multiple-choice	What does 「mention」 mean?	〜に言及する	〜を尊敬する	〜を向上させる	〜を計算する	図表	安定した	社会学	胃	〜に言及する	〜に言及する;〜を話に出す	mention = 〜に言及する；〜を話に出す						
vocabulary	語彙 / Vocabulary	Practice Vocabulary lessons and units.	vocabulary-unit-63	Unit 63: Discussion, Regions, and Emphasis	Practice vocabulary related to factors, regions, debate, reference, emphasis, and founding.	q9	multiple-choice	What does 「stress」 mean?	強勢	要素	地域	知識	例外	〜を批判する	建築学	薬	強勢	強勢;アクセント;重点;〜を強調する	stress = ①強勢；アクセント ②重点；〜を強調する						
vocabulary	語彙 / Vocabulary	Practice Vocabulary lessons and units.	vocabulary-unit-63	Unit 63: Discussion, Regions, and Emphasis	Practice vocabulary related to factors, regions, debate, reference, emphasis, and founding.	q10	multiple-choice	What does 「emphasize」 mean?	〜を強調する	〜に応募する	〜を割る	〜を裏切る	要因	気分	人類学	複雑な	〜を強調する		emphasize = 〜を強調する						
vocabulary	語彙 / Vocabulary	Practice Vocabulary lessons and units.	vocabulary-unit-63	Unit 63: Discussion, Regions, and Emphasis	Practice vocabulary related to factors, regions, debate, reference, emphasis, and founding.	q11	multiple-choice	What does 「found」 mean?	〜を設立する	〜を想像する	〜を提出する	〜を断る	議論	保険	物理学	効果的な	〜を設立する		found = 〜を設立する						
vocabulary	語彙 / Vocabulary	Practice Vocabulary lessons and units.	vocabulary-unit-63	Unit 63: Discussion, Regions, and Emphasis	Practice vocabulary related to factors, regions, debate, reference, emphasis, and founding.	q12	multiple-choice	What does 「establish」 mean?	〜を設立する	〜を軽蔑する	〜を予測する	〜を治療する	主張	神経	言語学	一般的な	〜を設立する		establish = 〜を設立する						
vocabulary	語彙 / Vocabulary	Practice Vocabulary lessons and units.	vocabulary-unit-64	Unit 64: Research and Academic Work	Practice vocabulary related to academic research, papers, surveys, conferences, and proof.	q1	multiple-choice	What does 「challenge」 mean?	〜に異議を唱える	〜を提出する	理論	会議	〜を計算する	恐怖	効果的な	肺	〜に異議を唱える	〜に異議を唱える;挑戦する;やりがいのある課題	challenge = ①〜に異議を唱える ②挑戦する ③やりがいのある課題						
vocabulary	語彙 / Vocabulary	Practice Vocabulary lessons and units.	vocabulary-unit-64	Unit 64: Research and Academic Work	Practice vocabulary related to academic research, papers, surveys, conferences, and proof.	q2	multiple-choice	What does 「theory」 mean?	理論	論文	調査	実験室	感情	〜を拒否する	百分率	痛い	理論	理論;学説	theory = 理論；学説						
vocabulary	語彙 / Vocabulary	Practice Vocabulary lessons and units.	vocabulary-unit-64	Unit 64: Research and Academic Work	Practice vocabulary related to academic research, papers, surveys, conferences, and proof.	q3	multiple-choice	What does 「paper」 mean?	論文	理論	会議	実験室	目標	〜を達成する	症状	一般的な	論文	論文;レポート;紙	paper = ①論文；レポート ②紙						
vocabulary	語彙 / Vocabulary	Practice Vocabulary lessons and units.	vocabulary-unit-64	Unit 64: Research and Academic Work	Practice vocabulary related to academic research, papers, surveys, conferences, and proof.	q4	multiple-choice	What does 「due」 mean?	期限が来て	安定した	効果的な	お気に入りの	化学	〜を尊敬する	傷	割合	期限が来て	期限が来て;予定されて	due = ①期限が来て ②予定されて						
vocabulary	語彙 / Vocabulary	Practice Vocabulary lessons and units.	vocabulary-unit-64	Unit 64: Research and Academic Work	Practice vocabulary related to academic research, papers, surveys, conferences, and proof.	q5	multiple-choice	What does 「conduct」 mean?	〜を実施する	〜を証明する	〜を開く	〜を提出する	心理学	図表	のど	複雑な	〜を実施する	〜を実施する;〜を行う;行為	conduct = ①〜を実施する ②行為						
vocabulary	語彙 / Vocabulary	Practice Vocabulary lessons and units.	vocabulary-unit-64	Unit 64: Research and Academic Work	Practice vocabulary related to academic research, papers, surveys, conferences, and proof.	q6	multiple-choice	What does 「survey」 mean?	調査	理論	論文	会議	知識	〜を批判する	血液	大多数	調査	調査;〜を調査する	survey = 調査；〜を調査する						
vocabulary	語彙 / Vocabulary	Practice Vocabulary lessons and units.	vocabulary-unit-64	Unit 64: Research and Academic Work	Practice vocabulary related to academic research, papers, surveys, conferences, and proof.	q7	multiple-choice	What does 「hold」 mean?	〜を開く	〜を導く	〜を計算する	〜を断る	哲学	筋肉	機会	痛み	〜を開く	〜を開く;〜をつかんでいる	hold = ①〜を開く ②〜をつかんでいる						
vocabulary	語彙 / Vocabulary	Practice Vocabulary lessons and units.	vocabulary-unit-64	Unit 64: Research and Academic Work	Practice vocabulary related to academic research, papers, surveys, conferences, and proof.	q8	multiple-choice	What does 「conference」 mean?	会議	調査	理論	課題	経済学	〜を想像する	肺	安定した	会議		conference = 会議						
vocabulary	語彙 / Vocabulary	Practice Vocabulary lessons and units.	vocabulary-unit-64	Unit 64: Research and Academic Work	Practice vocabulary related to academic research, papers, surveys, conferences, and proof.	q9	multiple-choice	What does 「research」 mean?	研究	論文	会議	知識	社会学	〜に謝罪する	保険	効果的な	研究	研究;〜を研究する	research = 研究；〜を研究する						
vocabulary	語彙 / Vocabulary	Practice Vocabulary lessons and units.	vocabulary-unit-64	Unit 64: Research and Academic Work	Practice vocabulary related to academic research, papers, surveys, conferences, and proof.	q10	multiple-choice	What does 「laboratory」 mean?	実験室	会議	理論	地域	言語学	〜を軽蔑する	神経	お気に入りの	実験室	実験室;研究所	laboratory = 実験室；研究所						
vocabulary	語彙 / Vocabulary	Practice Vocabulary lessons and units.	vocabulary-unit-64	Unit 64: Research and Academic Work	Practice vocabulary related to academic research, papers, surveys, conferences, and proof.	q11	multiple-choice	What does 「prove」 mean?	〜を証明する	〜を実施する	〜を強調する	〜を治療する	建築学	気分	統計	目標	〜を証明する		prove = 〜を証明する						
vocabulary	語彙 / Vocabulary	Practice Vocabulary lessons and units.	vocabulary-unit-65	Unit 65: Statistics and Calculation	Practice vocabulary related to statistics, percentages, ratios, charts, and basic calculation.	q1	multiple-choice	What does 「statistics」 mean?	統計	百分率	図表	大多数	化学	〜を提出する	症状	効果的な	統計		statistics = 統計						
vocabulary	語彙 / Vocabulary	Practice Vocabulary lessons and units.	vocabulary-unit-65	Unit 65: Statistics and Calculation	Practice vocabulary related to statistics, percentages, ratios, charts, and basic calculation.	q2	multiple-choice	What does 「percentage」 mean?	百分率	統計	比率	項目	目標	〜を予測する	痛み	一般的な	百分率	百分率;割合	percentage = 百分率；割合						
vocabulary	語彙 / Vocabulary	Practice Vocabulary lessons and units.	vocabulary-unit-65	Unit 65: Statistics and Calculation	Practice vocabulary related to statistics, percentages, ratios, charts, and basic calculation.	q3	multiple-choice	What does 「majority」 mean?	大多数	例外	割合	図表	科目	〜を拒否する	恐怖	安定した	大多数	大多数;多数派	majority = 大多数；多数派						
vocabulary	語彙 / Vocabulary	Practice Vocabulary lessons and units.	vocabulary-unit-65	Unit 65: Statistics and Calculation	Practice vocabulary related to statistics, percentages, ratios, charts, and basic calculation.	q4	multiple-choice	What does 「exception」 mean?	例外	大多数	比率	統計	課題	〜を達成する	のど	お気に入りの	例外		exception = 例外						
vocabulary	語彙 / Vocabulary	Practice Vocabulary lessons and units.	vocabulary-unit-65	Unit 65: Statistics and Calculation	Practice vocabulary related to statistics, percentages, ratios, charts, and basic calculation.	q5	multiple-choice	What does 「ratio」 mean?	比率	百分率	統計	項目	知識	〜を導く	血液	複雑な	比率	比率;比	ratio = 比率；比						
vocabulary	語彙 / Vocabulary	Practice Vocabulary lessons and units.	vocabulary-unit-65	Unit 65: Statistics and Calculation	Practice vocabulary related to statistics, percentages, ratios, charts, and basic calculation.	q6	multiple-choice	What does 「chart」 mean?	図表	統計	百分率	例外	方法	〜を批判する	肺	効果的な	図表	図表;グラフ	chart = 図表；グラフ						
vocabulary	語彙 / Vocabulary	Practice Vocabulary lessons and units.	vocabulary-unit-65	Unit 65: Statistics and Calculation	Practice vocabulary related to statistics, percentages, ratios, charts, and basic calculation.	q7	multiple-choice	What does 「item」 mean?	項目	図表	比率	大多数	任務	〜に応募する	筋肉	文学	項目	項目;品物	item = 項目；品物						
vocabulary	語彙 / Vocabulary	Practice Vocabulary lessons and units.	vocabulary-unit-65	Unit 65: Statistics and Calculation	Practice vocabulary related to statistics, percentages, ratios, charts, and basic calculation.	q8	multiple-choice	What does 「calculate」 mean?	〜を計算する	〜を割る	〜を掛ける	〜を提出する	哲学	気分	保険	安定した	〜を計算する		calculate = 〜を計算する						
vocabulary	語彙 / Vocabulary	Practice Vocabulary lessons and units.	vocabulary-unit-65	Unit 65: Statistics and Calculation	Practice vocabulary related to statistics, percentages, ratios, charts, and basic calculation.	q9	multiple-choice	What does 「equal」 mean?	等しい	〜を計算する	比率	大多数	心理学	〜を尊敬する	傷	一般的な	等しい	等しい;〜に等しい	equal = 等しい；〜に等しい						
vocabulary	語彙 / Vocabulary	Practice Vocabulary lessons and units.	vocabulary-unit-65	Unit 65: Statistics and Calculation	Practice vocabulary related to statistics, percentages, ratios, charts, and basic calculation.	q10	multiple-choice	What does 「multiply」 mean?	〜を掛ける	〜を割る	〜を増やす	〜を証明する	人類学	目標	薬	複雑な	〜を掛ける	〜を掛ける;〜を増やす	multiply = 〜を掛ける；〜を増やす						
vocabulary	語彙 / Vocabulary	Practice Vocabulary lessons and units.	vocabulary-unit-65	Unit 65: Statistics and Calculation	Practice vocabulary related to statistics, percentages, ratios, charts, and basic calculation.	q11	multiple-choice	What does 「divide」 mean?	〜を割る	〜を掛ける	〜を計算する	〜を治療する	言語学	機会	神経	効果的な	〜を割る	〜を割る;〜を分ける	divide = 〜を割る；〜を分ける						
vocabulary	語彙 / Vocabulary	Practice Vocabulary lessons and units.	vocabulary-unit-66	Unit 66: Health, Similarity, and Effects	Practice vocabulary related to illness, pain, treatment, similarity, effects, and influence.	q1	multiple-choice	What does 「sore」 mean?	痛い	安定した	効果的な	複雑な	のど	〜を提出する	統計	目標	痛い		sore = 痛い						
vocabulary	語彙 / Vocabulary	Practice Vocabulary lessons and units.	vocabulary-unit-66	Unit 66: Health, Similarity, and Effects	Practice vocabulary related to illness, pain, treatment, similarity, effects, and influence.	q2	multiple-choice	What does 「throat」 mean?	のど	筋肉	神経	胃	課題	〜を予測する	化学	お気に入りの	のど		throat = のど						
vocabulary	語彙 / Vocabulary	Practice Vocabulary lessons and units.	vocabulary-unit-66	Unit 66: Health, Similarity, and Effects	Practice vocabulary related to illness, pain, treatment, similarity, effects, and influence.	q3	multiple-choice	What does 「relieve」 mean?	〜を和らげる	〜を計算する	〜を拒否する	〜を導く	心理学	割合	機会	一般的な	〜を和らげる	〜を和らげる;〜を安心させる	relieve = ①〜を和らげる ②〜を安心させる						
vocabulary	語彙 / Vocabulary	Practice Vocabulary lessons and units.	vocabulary-unit-66	Unit 66: Health, Similarity, and Effects	Practice vocabulary related to illness, pain, treatment, similarity, effects, and influence.	q4	multiple-choice	What does 「pain」 mean?	痛み	症状	気分	欲望	図表	〜を尊敬する	物理学	安定した	痛み	痛み;苦痛	pain = 痛み；苦痛						
vocabulary	語彙 / Vocabulary	Practice Vocabulary lessons and units.	vocabulary-unit-66	Unit 66: Health, Similarity, and Effects	Practice vocabulary related to illness, pain, treatment, similarity, effects, and influence.	q5	multiple-choice	What does 「cure」 mean?	〜を治療する	〜を批判する	〜を達成する	〜を設立する	経済学	百分率	血液	効果的な	〜を治療する	〜を治療する;治療	cure = 〜を治療する；治療						
vocabulary	語彙 / Vocabulary	Practice Vocabulary lessons and units.	vocabulary-unit-66	Unit 66: Health, Similarity, and Effects	Practice vocabulary related to illness, pain, treatment, similarity, effects, and influence.	q6	multiple-choice	What does 「disease」 mean?	病気	課題	地域	恐怖	例外	〜を提出する	文学	複雑な	病気		disease = 病気						
vocabulary	語彙 / Vocabulary	Practice Vocabulary lessons and units.	vocabulary-unit-66	Unit 66: Health, Similarity, and Effects	Practice vocabulary related to illness, pain, treatment, similarity, effects, and influence.	q7	multiple-choice	What does 「alike」 mean?	似ている	一般的な	大好きな	期限が来て	知識	〜を想像する	生物学	図表	似ている	似ている;同様な	alike = 似ている；同様な						
vocabulary	語彙 / Vocabulary	Practice Vocabulary lessons and units.	vocabulary-unit-66	Unit 66: Health, Similarity, and Effects	Practice vocabulary related to illness, pain, treatment, similarity, effects, and influence.	q8	multiple-choice	What does 「similar」 mean?	よく似た	効果的な	安定した	お気に入りの	目標	〜を断る	天文学	傷	よく似た	よく似た;類似した	similar = よく似た；類似した						
vocabulary	語彙 / Vocabulary	Practice Vocabulary lessons and units.	vocabulary-unit-66	Unit 66: Health, Similarity, and Effects	Practice vocabulary related to illness, pain, treatment, similarity, effects, and influence.	q9	multiple-choice	What does 「effect」 mean?	影響	統計	方法	感情	薬	〜を証明する	哲学	痛い	影響	影響;効果;結果	effect = ①影響；効果 ②結果						
vocabulary	語彙 / Vocabulary	Practice Vocabulary lessons and units.	vocabulary-unit-66	Unit 66: Health, Similarity, and Effects	Practice vocabulary related to illness, pain, treatment, similarity, effects, and influence.	q10	multiple-choice	What does 「impact」 mean?	影響	大多数	研究	のど	技術	〜を軽蔑する	人類学	安定した	影響	影響;衝撃	impact = 影響；衝撃						
vocabulary	語彙 / Vocabulary	Practice Vocabulary lessons and units.	vocabulary-unit-66	Unit 66: Health, Similarity, and Effects	Practice vocabulary related to illness, pain, treatment, similarity, effects, and influence.	q11	multiple-choice	What does 「influence」 mean?	〜に影響を与える	〜を割る	〜をほめる	〜を研究する	社会学	熱	比率	複雑な	〜に影響を与える	〜に影響を与える;影響力	influence = 〜に影響を与える；影響力						
vocabulary	語彙 / Vocabulary	Practice Vocabulary lessons and units.	vocabulary-unit-66	Unit 66: Health, Similarity, and Effects	Practice vocabulary related to illness, pain, treatment, similarity, effects, and influence.	q12	multiple-choice	What does 「affect」 mean?	〜に影響する	〜に応募する	〜を裏切る	〜を計算する	言語学	肺	項目	一般的な	〜に影響する		affect = 〜に影響する						
vocabulary	語彙 / Vocabulary	Practice Vocabulary lessons and units.	vocabulary-unit-67	Unit 67: Symptoms, Treatment, and Body Parts	Practice vocabulary related to fever, injury, symptoms, treatment, medicine, operations, and body parts.	q1	multiple-choice	What does 「fever」 mean?	熱	症状	薬	胃	統計	〜を提出する	効果的な	経済学	熱	熱;発熱;熱狂	fever = ①熱；発熱 ②熱狂						
vocabulary	語彙 / Vocabulary	Practice Vocabulary lessons and units.	vocabulary-unit-67	Unit 67: Symptoms, Treatment, and Body Parts	Practice vocabulary related to fever, injury, symptoms, treatment, medicine, operations, and body parts.	q2	multiple-choice	What does 「injure」 mean?	〜にけがをさせる	〜を治療する	〜を計算する	〜を拒否する	筋肉	保険	大多数	複雑な	〜にけがをさせる		injure = 〜にけがをさせる						
vocabulary	語彙 / Vocabulary	Practice Vocabulary lessons and units.	vocabulary-unit-67	Unit 67: Symptoms, Treatment, and Body Parts	Practice vocabulary related to fever, injury, symptoms, treatment, medicine, operations, and body parts.	q3	multiple-choice	What does 「hurt」 mean?	〜を傷つける	〜を予測する	〜を導く	〜に謝罪する	神経	比率	課題	安定した	〜を傷つける	〜を傷つける;痛む	hurt = ①〜を傷つける ②痛む						
vocabulary	語彙 / Vocabulary	Practice Vocabulary lessons and units.	vocabulary-unit-67	Unit 67: Symptoms, Treatment, and Body Parts	Practice vocabulary related to fever, injury, symptoms, treatment, medicine, operations, and body parts.	q4	multiple-choice	What does 「symptom」 mean?	症状	熱	治療	薬	目標	〜を想像する	天文学	一般的な	症状		symptom = 症状						
vocabulary	語彙 / Vocabulary	Practice Vocabulary lessons and units.	vocabulary-unit-67	Unit 67: Symptoms, Treatment, and Body Parts	Practice vocabulary related to fever, injury, symptoms, treatment, medicine, operations, and body parts.	q5	multiple-choice	What does 「treatment」 mean?	治療	症状	影響	研究	〜を計算する	哲学	筋肉	複雑な	治療	治療;治療法;取り扱い	treatment = ①治療；治療法 ②取り扱い						
vocabulary	語彙 / Vocabulary	Practice Vocabulary lessons and units.	vocabulary-unit-67	Unit 67: Symptoms, Treatment, and Body Parts	Practice vocabulary related to fever, injury, symptoms, treatment, medicine, operations, and body parts.	q6	multiple-choice	What does 「medicine」 mean?	薬	症状	神経	胃	統計	〜を提出する	目標	効果的な	薬	薬;医学	medicine = ①薬 ②医学						
vocabulary	語彙 / Vocabulary	Practice Vocabulary lessons and units.	vocabulary-unit-67	Unit 67: Symptoms, Treatment, and Body Parts	Practice vocabulary related to fever, injury, symptoms, treatment, medicine, operations, and body parts.	q7	multiple-choice	What does 「operation」 mean?	手術	症状	胃	神経	〜を達成する	図表	地理学	安定した	手術	手術;活動;操作	operation = ①手術 ②活動 ③操作						
vocabulary	語彙 / Vocabulary	Practice Vocabulary lessons and units.	vocabulary-unit-67	Unit 67: Symptoms, Treatment, and Body Parts	Practice vocabulary related to fever, injury, symptoms, treatment, medicine, operations, and body parts.	q8	multiple-choice	What does 「muscle」 mean?	筋肉	神経	胃	肺	血液	〜を割る	知識	お気に入りの	筋肉		muscle = 筋肉						
vocabulary	語彙 / Vocabulary	Practice Vocabulary lessons and units.	vocabulary-unit-67	Unit 67: Symptoms, Treatment, and Body Parts	Practice vocabulary related to fever, injury, symptoms, treatment, medicine, operations, and body parts.	q9	multiple-choice	What does 「nerve」 mean?	神経	筋肉	胃	肺	のど	〜を批判する	百分率	複雑な	神経	神経;神経過敏	nerve = 神経；神経過敏						
vocabulary	語彙 / Vocabulary	Practice Vocabulary lessons and units.	vocabulary-unit-67	Unit 67: Symptoms, Treatment, and Body Parts	Practice vocabulary related to fever, injury, symptoms, treatment, medicine, operations, and body parts.	q10	multiple-choice	What does 「stomach」 mean?	胃	筋肉	神経	のど	血液	〜を研究する	例外	効果的な	胃	胃;腹部	stomach = 胃；腹部						
vocabulary	語彙 / Vocabulary	Practice Vocabulary lessons and units.	vocabulary-unit-67	Unit 67: Symptoms, Treatment, and Body Parts	Practice vocabulary related to fever, injury, symptoms, treatment, medicine, operations, and body parts.	q11	multiple-choice	What does 「foot」 mean?	足	歯	胃	筋肉	図表	〜を拒否する	哲学	安定した	足	足;フィート	foot = ①足 ②フィート						
vocabulary	語彙 / Vocabulary	Practice Vocabulary lessons and units.	vocabulary-unit-67	Unit 67: Symptoms, Treatment, and Body Parts	Practice vocabulary related to fever, injury, symptoms, treatment, medicine, operations, and body parts.	q12	multiple-choice	What does 「tooth」 mean?	歯	足	のど	神経	症状	〜を予測する	統計	一般的な	歯		tooth = 歯						
vocabulary	語彙 / Vocabulary	Practice Vocabulary lessons and units.	vocabulary-unit-68	Unit 68: Causes, Conditions, and Body Functions	Practice vocabulary related to identifying causes, health conditions, breathing, and body actions.	q1	multiple-choice	What does 「identify」 mean?	〜を確認する	〜を引き起こす	〜を提出する	〜を計算する	肺	不足	安定した	心理学	〜を確認する	〜を確認する;〜を特定する	identify = 〜を確認する；〜を特定する						
vocabulary	語彙 / Vocabulary	Practice Vocabulary lessons and units.	vocabulary-unit-68	Unit 68: Causes, Conditions, and Body Functions	Practice vocabulary related to identifying causes, health conditions, breathing, and body actions.	q2	multiple-choice	What does 「cause」 mean?	原因	状態	不足	影響	目標	〜を予測する	血液	効果的な	原因	原因;理由;〜を引き起こす	cause = ①原因；理由 ②〜を引き起こす						
vocabulary	語彙 / Vocabulary	Practice Vocabulary lessons and units.	vocabulary-unit-68	Unit 68: Causes, Conditions, and Body Functions	Practice vocabulary related to identifying causes, health conditions, breathing, and body actions.	q3	multiple-choice	What does 「stable」 mean?	安定した	効果的な	一般的な	複雑な	痛い	原因	〜を拒否する	天文学	安定した		stable = 安定した						
vocabulary	語彙 / Vocabulary	Practice Vocabulary lessons and units.	vocabulary-unit-68	Unit 68: Causes, Conditions, and Body Functions	Practice vocabulary related to identifying causes, health conditions, breathing, and body actions.	q4	multiple-choice	What does 「condition」 mean?	状態	原因	不足	症状	課題	〜を導く	統計	お気に入りの	状態	状態;状況;条件	condition = ①状態；状況 ②条件						
vocabulary	語彙 / Vocabulary	Practice Vocabulary lessons and units.	vocabulary-unit-68	Unit 68: Causes, Conditions, and Body Functions	Practice vocabulary related to identifying causes, health conditions, breathing, and body actions.	q5	multiple-choice	What does 「lung」 mean?	肺	脳	筋肉	胃	神経	〜を達成する	割合	安定した	肺		lung = 肺						
vocabulary	語彙 / Vocabulary	Practice Vocabulary lessons and units.	vocabulary-unit-68	Unit 68: Causes, Conditions, and Body Functions	Practice vocabulary related to identifying causes, health conditions, breathing, and body actions.	q6	multiple-choice	What does 「cancer」 mean?	がん	熱	傷	保険	薬	〜を証明する	地理学	複雑な	がん		cancer = がん						
vocabulary	語彙 / Vocabulary	Practice Vocabulary lessons and units.	vocabulary-unit-68	Unit 68: Causes, Conditions, and Body Functions	Practice vocabulary related to identifying causes, health conditions, breathing, and body actions.	q7	multiple-choice	What does 「lack」 mean?	不足	原因	状態	機能	図表	〜を尊敬する	生物学	一般的な	不足	不足;〜を欠く	lack = 不足；〜を欠く						
vocabulary	語彙 / Vocabulary	Practice Vocabulary lessons and units.	vocabulary-unit-68	Unit 68: Causes, Conditions, and Body Functions	Practice vocabulary related to identifying causes, health conditions, breathing, and body actions.	q8	multiple-choice	What does 「exercise」 mean?	運動	治療	目標	課題	呼吸する	〜を裏切る	経済学	効果的な	運動	運動;練習問題;運動をする	exercise = ①運動 ②練習問題 ③運動をする						
vocabulary	語彙 / Vocabulary	Practice Vocabulary lessons and units.	vocabulary-unit-68	Unit 68: Causes, Conditions, and Body Functions	Practice vocabulary related to identifying causes, health conditions, breathing, and body actions.	q9	multiple-choice	What does 「breathe」 mean?	呼吸する	〜を確認する	〜を計算する	〜を治療する	のど	要因	哲学	安定した	呼吸する		breathe = 呼吸する						
vocabulary	語彙 / Vocabulary	Practice Vocabulary lessons and units.	vocabulary-unit-68	Unit 68: Causes, Conditions, and Body Functions	Practice vocabulary related to identifying causes, health conditions, breathing, and body actions.	q10	multiple-choice	What does 「yawn」 mean?	あくびをする	呼吸する	〜を提出する	〜を予測する	肺	統計	文学	複雑な	あくびをする	あくびをする;あくび	yawn = あくびをする；あくび						
vocabulary	語彙 / Vocabulary	Practice Vocabulary lessons and units.	vocabulary-unit-68	Unit 68: Causes, Conditions, and Body Functions	Practice vocabulary related to identifying causes, health conditions, breathing, and body actions.	q11	multiple-choice	What does 「cough」 mean?	せきをする	呼吸する	〜を拒否する	〜を特定する	胃	百分率	人類学	効果的な	せきをする	せきをする;せき	cough = せきをする；せき						
vocabulary	語彙 / Vocabulary	Practice Vocabulary lessons and units.	vocabulary-unit-68	Unit 68: Causes, Conditions, and Body Functions	Practice vocabulary related to identifying causes, health conditions, breathing, and body actions.	q12	multiple-choice	What does 「sneeze」 mean?	くしゃみをする	呼吸する	〜を批判する	〜を設立する	血液	例外	言語学	一般的な	くしゃみをする	くしゃみをする;くしゃみ	sneeze = くしゃみをする；くしゃみ						
vocabulary	語彙 / Vocabulary	Practice Vocabulary lessons and units.	vocabulary-unit-69	Unit 69: Health, Nutrition, and Recovery	Practice vocabulary related to nutrition, body functions, illness, medical care, blood donation, wounds, and healing.	q1	multiple-choice	What does 「source」 mean?	源	機能	保険	傷	知識	〜を提出する	化学	効果的な	源	源;情報源	source = 源；情報源						
vocabulary	語彙 / Vocabulary	Practice Vocabulary lessons and units.	vocabulary-unit-69	Unit 69: Health, Nutrition, and Recovery	Practice vocabulary related to nutrition, body functions, illness, medical care, blood donation, wounds, and healing.	q2	multiple-choice	What does 「protein」 mean?	たんぱく質	血液	肺	筋肉	統計	〜を予測する	目標	安定した	たんぱく質		protein = たんぱく質						
vocabulary	語彙 / Vocabulary	Practice Vocabulary lessons and units.	vocabulary-unit-69	Unit 69: Health, Nutrition, and Recovery	Practice vocabulary related to nutrition, body functions, illness, medical care, blood donation, wounds, and healing.	q3	multiple-choice	What does 「brain」 mean?	脳	肺	神経	胃	割合	〜を拒否する	課題	一般的な	脳		brain = 脳						
vocabulary	語彙 / Vocabulary	Practice Vocabulary lessons and units.	vocabulary-unit-69	Unit 69: Health, Nutrition, and Recovery	Practice vocabulary related to nutrition, body functions, illness, medical care, blood donation, wounds, and healing.	q4	multiple-choice	What does 「function」 mean?	機能	操作	方法	状態	感情	〜を計算する	天文学	複雑な	機能	機能;機能する	function = 機能；機能する						
vocabulary	語彙 / Vocabulary	Practice Vocabulary lessons and units.	vocabulary-unit-69	Unit 69: Health, Nutrition, and Recovery	Practice vocabulary related to nutrition, body functions, illness, medical care, blood donation, wounds, and healing.	q5	multiple-choice	What does 「flu」 mean?	インフルエンザ	がん	症状	熱	目標	〜を導く	哲学	効果的な	インフルエンザ		flu = インフルエンザ						
vocabulary	語彙 / Vocabulary	Practice Vocabulary lessons and units.	vocabulary-unit-69	Unit 69: Health, Nutrition, and Recovery	Practice vocabulary related to nutrition, body functions, illness, medical care, blood donation, wounds, and healing.	q6	multiple-choice	What does 「spread」 mean?	広まる	呼吸する	〜を提供する	〜を達成する	情報源	百分率	生物学	お気に入りの	広まる	広まる;〜を広げる	spread = 広まる；〜を広げる						
vocabulary	語彙 / Vocabulary	Practice Vocabulary lessons and units.	vocabulary-unit-69	Unit 69: Health, Nutrition, and Recovery	Practice vocabulary related to nutrition, body functions, illness, medical care, blood donation, wounds, and healing.	q7	multiple-choice	What does 「medical」 mean?	医療の	一般的な	効果的な	安定した	手術	〜を批判する	経済学	血液	医療の	医療の;医学の	medical = 医療の；医学の						
vocabulary	語彙 / Vocabulary	Practice Vocabulary lessons and units.	vocabulary-unit-69	Unit 69: Health, Nutrition, and Recovery	Practice vocabulary related to nutrition, body functions, illness, medical care, blood donation, wounds, and healing.	q8	multiple-choice	What does 「insurance」 mean?	保険	薬	血液	研究	比率	〜を尊敬する	言語学	複雑な	保険		insurance = 保険						
vocabulary	語彙 / Vocabulary	Practice Vocabulary lessons and units.	vocabulary-unit-69	Unit 69: Health, Nutrition, and Recovery	Practice vocabulary related to nutrition, body functions, illness, medical care, blood donation, wounds, and healing.	q9	multiple-choice	What does 「donate」 mean?	〜を提供する	〜を広げる	〜を提出する	〜を設立する	脳	図表	心理学	安定した	〜を提供する	〜を提供する;〜を寄付する	donate = ①〜を提供する ②〜を寄付する						
vocabulary	語彙 / Vocabulary	Practice Vocabulary lessons and units.	vocabulary-unit-69	Unit 69: Health, Nutrition, and Recovery	Practice vocabulary related to nutrition, body functions, illness, medical care, blood donation, wounds, and healing.	q10	multiple-choice	What does 「blood」 mean?	血液	たんぱく質	脳	肺	機会	〜を想像する	人類学	効果的な	血液		blood = 血液						
vocabulary	語彙 / Vocabulary	Practice Vocabulary lessons and units.	vocabulary-unit-69	Unit 69: Health, Nutrition, and Recovery	Practice vocabulary related to nutrition, body functions, illness, medical care, blood donation, wounds, and healing.	q11	multiple-choice	What does 「wound」 mean?	傷	手術	症状	薬	目標	〜を割る	地理学	一般的な	傷	傷;けが	wound = 傷；けが						
vocabulary	語彙 / Vocabulary	Practice Vocabulary lessons and units.	vocabulary-unit-69	Unit 69: Health, Nutrition, and Recovery	Practice vocabulary related to nutrition, body functions, illness, medical care, blood donation, wounds, and healing.	q12	multiple-choice	What does 「heal」 mean?	治る	広まる	呼吸する	〜を提供する	〜を提出する	統計	文学	安定した	治る	治る;〜を治す	heal = 治る；〜を治す						
vocabulary	語彙 / Vocabulary	Practice Vocabulary lessons and units.	vocabulary-unit-70	Unit 70: Complexity, Benefits, Forms, and Frequency	Practice vocabulary related to complexity, benefits, forms, opportunities, occasions, and low frequency.	q1	multiple-choice	What does 「complicated」 mean?	複雑な	安定した	効果的な	一般的な	お気に入りの	目標	〜を提出する	統計	複雑な		complicated = 複雑な						
vocabulary	語彙 / Vocabulary	Practice Vocabulary lessons and units.	vocabulary-unit-70	Unit 70: Complexity, Benefits, Forms, and Frequency	Practice vocabulary related to complexity, benefits, forms, opportunities, occasions, and low frequency.	q2	multiple-choice	What does 「complex」 mean?	複雑な	痛い	動揺した	安定した	効果的な	知識	〜を計算する	心理学	複雑な	複雑な;込み入った	complex = 複雑な；込み入った						
vocabulary	語彙 / Vocabulary	Practice Vocabulary lessons and units.	vocabulary-unit-70	Unit 70: Complexity, Benefits, Forms, and Frequency	Practice vocabulary related to complexity, benefits, forms, opportunities, occasions, and low frequency.	q3	multiple-choice	What does 「benefit」 mean?	利益	目標	課題	影響	統計	〜を予測する	血液	一般的な	利益	利益;恩恵	benefit = 利益；恩恵						
vocabulary	語彙 / Vocabulary	Practice Vocabulary lessons and units.	vocabulary-unit-70	Unit 70: Complexity, Benefits, Forms, and Frequency	Practice vocabulary related to complexity, benefits, forms, opportunities, occasions, and low frequency.	q4	multiple-choice	What does 「advantage」 mean?	利点	例外	方法	割合	症状	〜を拒否する	哲学	安定した	利点	利点;強み	advantage = 利点；強み						
vocabulary	語彙 / Vocabulary	Practice Vocabulary lessons and units.	vocabulary-unit-70	Unit 70: Complexity, Benefits, Forms, and Frequency	Practice vocabulary related to complexity, benefits, forms, opportunities, occasions, and low frequency.	q5	multiple-choice	What does 「form」 mean?	形	方法	課題	保険	図表	〜を達成する	のど	効果的な	形	形;形式;用紙;〜を形作る	form = ①形；形式 ②用紙 ③〜を形作る						
vocabulary	語彙 / Vocabulary	Practice Vocabulary lessons and units.	vocabulary-unit-70	Unit 70: Complexity, Benefits, Forms, and Frequency	Practice vocabulary related to complexity, benefits, forms, opportunities, occasions, and low frequency.	q6	multiple-choice	What does 「shape」 mean?	形	状態	目標	知識	筋肉	〜を批判する	天文学	お気に入りの	形	形;状態;調子	shape = ①形 ②状態；調子						
vocabulary	語彙 / Vocabulary	Practice Vocabulary lessons and units.	vocabulary-unit-70	Unit 70: Complexity, Benefits, Forms, and Frequency	Practice vocabulary related to complexity, benefits, forms, opportunities, occasions, and low frequency.	q7	multiple-choice	What does 「opportunity」 mean?	機会	目標	課題	研究	感情	〜に応募する	肺	複雑な	機会	機会;好機	opportunity = 機会；好機						
vocabulary	語彙 / Vocabulary	Practice Vocabulary lessons and units.	vocabulary-unit-70	Unit 70: Complexity, Benefits, Forms, and Frequency	Practice vocabulary related to complexity, benefits, forms, opportunities, occasions, and low frequency.	q8	multiple-choice	What does 「occasion」 mean?	特定の時	方法	例外	気分	統計	〜を尊敬する	経済学	安定した	特定の時	特定の時;機会;行事	occasion = ①特定の時；機会 ②行事						
vocabulary	語彙 / Vocabulary	Practice Vocabulary lessons and units.	vocabulary-unit-70	Unit 70: Complexity, Benefits, Forms, and Frequency	Practice vocabulary related to complexity, benefits, forms, opportunities, occasions, and low frequency.	q9	multiple-choice	What does 「hardly」 mean?	ほとんど〜ない	すぐに	たいてい	完全に	慎重に	〜を提出する	割合	効果的な	ほとんど〜ない		hardly = ほとんど〜ない						
vocabulary	語彙 / Vocabulary	Practice Vocabulary lessons and units.	vocabulary-unit-70	Unit 70: Complexity, Benefits, Forms, and Frequency	Practice vocabulary related to complexity, benefits, forms, opportunities, occasions, and low frequency.	q10	multiple-choice	What does 「scarcely」 mean?	ほとんど〜ない	よく	すでに	明らかに	静かに	〜を計算する	図表	一般的な	ほとんど〜ない		scarcely = ほとんど〜ない						
vocabulary	語彙 / Vocabulary	Practice Vocabulary lessons and units.	vocabulary-unit-70	Unit 70: Complexity, Benefits, Forms, and Frequency	Practice vocabulary related to complexity, benefits, forms, opportunities, occasions, and low frequency.	q11	multiple-choice	What does 「seldom」 mean?	めったに〜ない	いつも	時々	すぐに	完全に	〜を予測する	目標	安定した	めったに〜ない		seldom = めったに〜ない						
vocabulary	語彙 / Vocabulary	Practice Vocabulary lessons and units.	vocabulary-unit-71	Unit 71: Phrasal Verbs and Fixed Expressions	Practice vocabulary related to phrasal verbs and fixed expressions with off, with, about, by, in, and on.	q1	multiple-choice	What does 「take off」 mean?	離陸する	Aを見送る	Aを熟考する	Aを求める	Aに所属する	Aを書き込む	晴れ上がる	Aを配る	離陸する		take off = （飛行機が）離陸する						
vocabulary	語彙 / Vocabulary	Practice Vocabulary lessons and units.	vocabulary-unit-71	Unit 71: Phrasal Verbs and Fixed Expressions	Practice vocabulary related to phrasal verbs and fixed expressions with off, with, about, by, in, and on.	q2	multiple-choice	What does 「see A off」 mean?	Aを見送る	離陸する	Aを遠ざけておく	Aに合う	Aを求める	Aを卒業する	Aを提出する	Aに関連して	Aを見送る		see A off = Aを見送る						
vocabulary	語彙 / Vocabulary	Practice Vocabulary lessons and units.	vocabulary-unit-71	Unit 71: Phrasal Verbs and Fixed Expressions	Practice vocabulary related to phrasal verbs and fixed expressions with off, with, about, by, in, and on.	q3	multiple-choice	What does 「keep off A」 mean?	Aを遠ざけておく	Aに立ち入らない	Aを見送る	Aを熟考する	Aに同情する	Aを配る	Aを提出する	Aの代わりに	Aを遠ざけておく	Aを遠ざけておく;Aを防ぐ;Aに立ち入らない	keep off A = ①Aを遠ざけておく；Aを防ぐ ②Aに立ち入らない						
vocabulary	語彙 / Vocabulary	Practice Vocabulary lessons and units.	vocabulary-unit-71	Unit 71: Phrasal Verbs and Fixed Expressions	Practice vocabulary related to phrasal verbs and fixed expressions with off, with, about, by, in, and on.	q4	multiple-choice	What does 「go with A」 mean?	Aに合う	Aと調和する	Aで満たされている	Aに基づく	Aに焦点を合わせる	Aを求める	Aを判読する	Aを励ます	Aに合う	Aに合う;Aと調和する	go with A = Aに合う；Aと調和する						
vocabulary	語彙 / Vocabulary	Practice Vocabulary lessons and units.	vocabulary-unit-71	Unit 71: Phrasal Verbs and Fixed Expressions	Practice vocabulary related to phrasal verbs and fixed expressions with off, with, about, by, in, and on.	q5	multiple-choice	What does 「deal with A」 mean?	Aを扱う	Aを処理する	Aに合う	Aを見送る	Aを書き込む	Aを指摘する	Aの存在を信じる	Aに基づく	Aを扱う	Aを扱う;Aを処理する	deal with A = Aを扱う；Aを処理する						
vocabulary	語彙 / Vocabulary	Practice Vocabulary lessons and units.	vocabulary-unit-71	Unit 71: Phrasal Verbs and Fixed Expressions	Practice vocabulary related to phrasal verbs and fixed expressions with off, with, about, by, in, and on.	q6	multiple-choice	What does 「cope with A」 mean?	Aにうまく対処する	Aを遠ざけておく	Aに同情する	Aを卒業する	Aをひっくり返す	Aを配る	Aを励ます	Aに関連して	Aにうまく対処する		cope with A = Aにうまく対処する						
vocabulary	語彙 / Vocabulary	Practice Vocabulary lessons and units.	vocabulary-unit-71	Unit 71: Phrasal Verbs and Fixed Expressions	Practice vocabulary related to phrasal verbs and fixed expressions with off, with, about, by, in, and on.	q7	multiple-choice	What does 「be filled with A」 mean?	Aで満たされている	Aに心を打たれる	Aに基づく	Aに同情する	Aの代わりに	Aを解決する	もはや〜でない	Aを提出する	Aで満たされている		be filled with A = Aで満たされている						
vocabulary	語彙 / Vocabulary	Practice Vocabulary lessons and units.	vocabulary-unit-71	Unit 71: Phrasal Verbs and Fixed Expressions	Practice vocabulary related to phrasal verbs and fixed expressions with off, with, about, by, in, and on.	q8	multiple-choice	What does 「be worried about A」 mean?	Aを心配している	Aに心を打たれる	Aで混雑している	Aに基づく	Aを熟考する	Aを励ます	Aを頼る	Aに加えて	Aを心配している		be worried about A = Aを心配している						
vocabulary	語彙 / Vocabulary	Practice Vocabulary lessons and units.	vocabulary-unit-71	Unit 71: Phrasal Verbs and Fixed Expressions	Practice vocabulary related to phrasal verbs and fixed expressions with off, with, about, by, in, and on.	q9	multiple-choice	What does 「be struck by A」 mean?	Aに心を打たれる	Aを心配している	Aに所属する	Aを判読する	Aを指摘する	Aにもかかわらず	結局	Aを求める	Aに心を打たれる		be struck by A = Aに心を打たれる						
vocabulary	語彙 / Vocabulary	Practice Vocabulary lessons and units.	vocabulary-unit-71	Unit 71: Phrasal Verbs and Fixed Expressions	Practice vocabulary related to phrasal verbs and fixed expressions with off, with, about, by, in, and on.	q10	multiple-choice	What does 「be crowded with A」 mean?	Aで混雑している	Aを見送る	Aに基づく	Aの頭に浮かぶ	Aを配る	Aの場合には	とりわけ	Aを提出する	Aで混雑している		be crowded with A = Aで混雑している						
vocabulary	語彙 / Vocabulary	Practice Vocabulary lessons and units.	vocabulary-unit-71	Unit 71: Phrasal Verbs and Fixed Expressions	Practice vocabulary related to phrasal verbs and fixed expressions with off, with, about, by, in, and on.	q11	multiple-choice	What does 「be caught in A」 mean?	Aに巻き込まれる	Aにあう	Aを卒業する	Aを扱う	Aに同情する	Aに加えて	少なくとも	Aを指摘する	Aに巻き込まれる	Aに巻き込まれる;Aにあう	be caught in A = Aに巻き込まれる；Aにあう						
vocabulary	語彙 / Vocabulary	Practice Vocabulary lessons and units.	vocabulary-unit-71	Unit 71: Phrasal Verbs and Fixed Expressions	Practice vocabulary related to phrasal verbs and fixed expressions with off, with, about, by, in, and on.	q12	multiple-choice	What does 「be based on A」 mean?	Aに基づく	Aで満たされている	Aを心配している	Aを求める	Aに所属する	Aを解決する	Aにもかかわらず	最新の	Aに基づく		be based on A = Aに基づく						
vocabulary	語彙 / Vocabulary	Practice Vocabulary lessons and units.	vocabulary-unit-72	Unit 72: Phrasal Verbs and Contrast Expressions	Practice vocabulary related to phrasal verbs with over and for, contrast expressions, and emphasis phrases.	q1	multiple-choice	What does 「think over A[A over]」 mean?	Aを熟考する	Aをひっくり返す	Aを求める	Aに同情する	Aにもかかわらず	Aを見送る	Aに基づく	とりわけ	Aを熟考する		think over A[A over] = Aを熟考する						
vocabulary	語彙 / Vocabulary	Practice Vocabulary lessons and units.	vocabulary-unit-72	Unit 72: Phrasal Verbs and Contrast Expressions	Practice vocabulary related to phrasal verbs with over and for, contrast expressions, and emphasis phrases.	q2	multiple-choice	What does 「run over A[A over]」 mean?	Aをひく	Aを熟考する	Aをめくる	Aを求める	Aを除いて	Aに関係なく	Aで満たされている	結局	Aをひく		run over A[A over] = （車・運転者が）Aをひく						
vocabulary	語彙 / Vocabulary	Practice Vocabulary lessons and units.	vocabulary-unit-72	Unit 72: Phrasal Verbs and Contrast Expressions	Practice vocabulary related to phrasal verbs with over and for, contrast expressions, and emphasis phrases.	q3	multiple-choice	What does 「turn over A[A over]」 mean?	Aをひっくり返す	Aをめくる	Aを熟考する	Aを求める	Aに所属する	Aに同情する	Aにもかかわらず	Aを処理する	Aをひっくり返す	Aをひっくり返す;Aをめくる	turn over A[A over] = Aをひっくり返す；Aをめくる						
vocabulary	語彙 / Vocabulary	Practice Vocabulary lessons and units.	vocabulary-unit-72	Unit 72: Phrasal Verbs and Contrast Expressions	Practice vocabulary related to phrasal verbs with over and for, contrast expressions, and emphasis phrases.	q4	multiple-choice	What does 「ask for A」 mean?	Aを求める	Aに同情する	Aを熟考する	Aを見送る	Aを扱う	Aを除いて	Aの頭に浮かぶ	何しろ〜だから	Aを求める		ask for A = Aを求める						
vocabulary	語彙 / Vocabulary	Practice Vocabulary lessons and units.	vocabulary-unit-72	Unit 72: Phrasal Verbs and Contrast Expressions	Practice vocabulary related to phrasal verbs with over and for, contrast expressions, and emphasis phrases.	q5	multiple-choice	What does 「feel for A」 mean?	Aに同情する	Aを求める	Aに合う	Aをひく	Aを遠ざけておく	Aに関係なく	Aを卒業する	やはり	Aに同情する		feel for A = Aに同情する						
vocabulary	語彙 / Vocabulary	Practice Vocabulary lessons and units.	vocabulary-unit-72	Unit 72: Phrasal Verbs and Contrast Expressions	Practice vocabulary related to phrasal verbs with over and for, contrast expressions, and emphasis phrases.	q6	multiple-choice	What does 「apart from A」 mean?	Aを除いて	Aの他に	Aにもかかわらず	Aに関係なく	Aを熟考する	Aに基づく	Aで混雑している	とりわけ	Aを除いて	Aを除いて;Aはさておき;Aの他に	apart from A = ①Aを除いて；Aはさておき ②Aの他に						
vocabulary	語彙 / Vocabulary	Practice Vocabulary lessons and units.	vocabulary-unit-72	Unit 72: Phrasal Verbs and Contrast Expressions	Practice vocabulary related to phrasal verbs with over and for, contrast expressions, and emphasis phrases.	q7	multiple-choice	What does 「other than A」 mean?	Aの他に	A以外に	Aを除いて	Aにもかかわらず	Aに同情する	Aをめくる	Aを心配している	結局	Aの他に	Aの他に;A以外に	other than A = Aの他に；A以外に						
vocabulary	語彙 / Vocabulary	Practice Vocabulary lessons and units.	vocabulary-unit-72	Unit 72: Phrasal Verbs and Contrast Expressions	Practice vocabulary related to phrasal verbs with over and for, contrast expressions, and emphasis phrases.	q8	multiple-choice	What does 「in spite of A」 mean?	Aにもかかわらず	Aに関係なく	Aを除いて	Aを求める	Aをひっくり返す	Aに心を打たれる	Aを提出する	少なくとも	Aにもかかわらず		in spite of A = Aにもかかわらず						
vocabulary	語彙 / Vocabulary	Practice Vocabulary lessons and units.	vocabulary-unit-72	Unit 72: Phrasal Verbs and Contrast Expressions	Practice vocabulary related to phrasal verbs with over and for, contrast expressions, and emphasis phrases.	q9	multiple-choice	What does 「regardless of A」 mean?	Aに関係なく	Aにもかかわらず	Aの他に	Aを熟考する	Aを扱う	Aで満たされている	Aを卒業する	やはり	Aに関係なく		regardless of A = Aに関係なく						
vocabulary	語彙 / Vocabulary	Practice Vocabulary lessons and units.	vocabulary-unit-72	Unit 72: Phrasal Verbs and Contrast Expressions	Practice vocabulary related to phrasal verbs with over and for, contrast expressions, and emphasis phrases.	q10	multiple-choice	What does 「for all A」 mean?	Aにもかかわらず	Aに関係なく	Aを除いて	Aを見送る	Aに同情する	Aの代わりに	Aを求める	最新の	Aにもかかわらず		for all A = Aにもかかわらず						
vocabulary	語彙 / Vocabulary	Practice Vocabulary lessons and units.	vocabulary-unit-72	Unit 72: Phrasal Verbs and Contrast Expressions	Practice vocabulary related to phrasal verbs with over and for, contrast expressions, and emphasis phrases.	q11	multiple-choice	What does 「after all」 mean?	結局	やはり	とりわけ	Aにもかかわらず	Aに関係なく	Aを熟考する	Aに所属する	Aを配る	結局	結局;やはり;何しろ〜だから	after all = ①結局；やはり ②何しろ〜だから						
vocabulary	語彙 / Vocabulary	Practice Vocabulary lessons and units.	vocabulary-unit-72	Unit 72: Phrasal Verbs and Contrast Expressions	Practice vocabulary related to phrasal verbs with over and for, contrast expressions, and emphasis phrases.	q12	multiple-choice	What does 「above all」 mean?	とりわけ	結局	やはり	Aに関係なく	Aを除いて	Aを求める	Aで混雑している	Aを扱う	とりわけ		above all = とりわけ						
vocabulary	語彙 / Vocabulary	Practice Vocabulary lessons and units.	vocabulary-unit-73	Unit 73: Phrasal Verbs and State Changes	Practice vocabulary related to belonging, ideas occurring, rules, graduation, suffering, results, forms, and weight changes.	q1	multiple-choice	What does 「belong to A」 mean?	Aに所属する	Aのものである	Aの頭に浮かぶ	Aを卒業する	Aを書き込む	最新の	太る	Aを熟考する	Aに所属する	Aに所属する;Aのものである	belong to A = Aに所属する；Aのものである						
vocabulary	語彙 / Vocabulary	Practice Vocabulary lessons and units.	vocabulary-unit-73	Unit 73: Phrasal Verbs and State Changes	Practice vocabulary related to belonging, ideas occurring, rules, graduation, suffering, results, forms, and weight changes.	q2	multiple-choice	What does 「occur to A」 mean?	Aの頭に浮かぶ	Aに所属する	Aを守る	Aを卒業する	Aに苦しむ	Aを書き込む	時代遅れの	やせる	Aの頭に浮かぶ		occur to A = Aの頭に浮かぶ						
vocabulary	語彙 / Vocabulary	Practice Vocabulary lessons and units.	vocabulary-unit-73	Unit 73: Phrasal Verbs and State Changes	Practice vocabulary related to belonging, ideas occurring, rules, graduation, suffering, results, forms, and weight changes.	q3	multiple-choice	What does 「stick to A」 mean?	Aに固執する	Aを守る	Aを卒業する	Aの結果として起こる	Aという結果に終わる	Aを書き込む	最新の	太る	Aに固執する	Aに固執する;Aを守る;Aにくっつく	stick to A = ①Aに固執する；Aを守る ②Aにくっつく						
vocabulary	語彙 / Vocabulary	Practice Vocabulary lessons and units.	vocabulary-unit-73	Unit 73: Phrasal Verbs and State Changes	Practice vocabulary related to belonging, ideas occurring, rules, graduation, suffering, results, forms, and weight changes.	q4	multiple-choice	What does 「graduate from A」 mean?	Aを卒業する	Aに所属する	Aを守る	Aに苦しむ	Aを除いて	Aに基づく	最新の	太る	Aを卒業する		graduate from A = Aを卒業する						
vocabulary	語彙 / Vocabulary	Practice Vocabulary lessons and units.	vocabulary-unit-73	Unit 73: Phrasal Verbs and State Changes	Practice vocabulary related to belonging, ideas occurring, rules, graduation, suffering, results, forms, and weight changes.	q5	multiple-choice	What does 「suffer from A」 mean?	Aを患う	Aに苦しむ	Aの頭に浮かぶ	Aを書き込む	Aを卒業する	Aに所属する	やせる	とりわけ	Aを患う	Aを患う;Aに苦しむ	suffer from A = Aを患う；Aに苦しむ						
vocabulary	語彙 / Vocabulary	Practice Vocabulary lessons and units.	vocabulary-unit-73	Unit 73: Phrasal Verbs and State Changes	Practice vocabulary related to belonging, ideas occurring, rules, graduation, suffering, results, forms, and weight changes.	q6	multiple-choice	What does 「result from A」 mean?	Aの結果として起こる	Aという結果に終わる	Aに固執する	Aを書き込む	Aを患う	Aに所属する	最新の	太る	Aの結果として起こる		result from A = Aの結果として起こる						
vocabulary	語彙 / Vocabulary	Practice Vocabulary lessons and units.	vocabulary-unit-73	Unit 73: Phrasal Verbs and State Changes	Practice vocabulary related to belonging, ideas occurring, rules, graduation, suffering, results, forms, and weight changes.	q7	multiple-choice	What does 「result in A」 mean?	Aという結果に終わる	Aの結果として起こる	Aを卒業する	Aに苦しむ	Aの頭に浮かぶ	Aを守る	時代遅れの	やせる	Aという結果に終わる		result in A = Aという結果に終わる						
vocabulary	語彙 / Vocabulary	Practice Vocabulary lessons and units.	vocabulary-unit-73	Unit 73: Phrasal Verbs and State Changes	Practice vocabulary related to belonging, ideas occurring, rules, graduation, suffering, results, forms, and weight changes.	q8	multiple-choice	What does 「fill in A[A in]」 mean?	Aを書き込む	Aを守る	Aを卒業する	Aに苦しむ	Aの頭に浮かぶ	時代遅れの	Aを熟考する	Aを配る	Aを書き込む		fill in A[A in] = Aを書き込む						
vocabulary	語彙 / Vocabulary	Practice Vocabulary lessons and units.	vocabulary-unit-73	Unit 73: Phrasal Verbs and State Changes	Practice vocabulary related to belonging, ideas occurring, rules, graduation, suffering, results, forms, and weight changes.	q9	multiple-choice	What does 「put on weight」 mean?	太る	やせる	最新の	時代遅れの	Aを患う	Aを書き込む	Aのものである	Aに合う	太る		put on weight = 太る						
vocabulary	語彙 / Vocabulary	Practice Vocabulary lessons and units.	vocabulary-unit-73	Unit 73: Phrasal Verbs and State Changes	Practice vocabulary related to belonging, ideas occurring, rules, graduation, suffering, results, forms, and weight changes.	q10	multiple-choice	What does 「lose weight」 mean?	やせる	太る	最新の	時代遅れの	Aに所属する	Aを卒業する	Aを求める	Aに苦しむ	やせる		lose weight = やせる						
vocabulary	語彙 / Vocabulary	Practice Vocabulary lessons and units.	vocabulary-unit-73	Unit 73: Phrasal Verbs and State Changes	Practice vocabulary related to belonging, ideas occurring, rules, graduation, suffering, results, forms, and weight changes.	q11	multiple-choice	What does 「up to date」 mean?	最新の	時代遅れの	Aの頭に浮かぶ	Aに固執する	Aを患う	Aを書き込む	やせる	Aに所属する	最新の		up to date = 最新の						
vocabulary	語彙 / Vocabulary	Practice Vocabulary lessons and units.	vocabulary-unit-73	Unit 73: Phrasal Verbs and State Changes	Practice vocabulary related to belonging, ideas occurring, rules, graduation, suffering, results, forms, and weight changes.	q12	multiple-choice	What does 「out of date」 mean?	時代遅れの	最新の	Aを卒業する	Aに苦しむ	Aのものである	Aを書き込む	太る	Aを守る	時代遅れの		out of date = 時代遅れの						
vocabulary	語彙 / Vocabulary	Practice Vocabulary lessons and units.	vocabulary-unit-74	Unit 74: Phrasal Verbs with Out and In	Practice vocabulary related to phrasal verbs with out and fixed expressions with in.	q1	multiple-choice	What does 「check out」 mean?	チェックアウトする	Aを判読する	Aを配る	Aを提出する	Aに加えて	Aの場合には	Aを卒業する	晴れ上がる	チェックアウトする		check out = チェックアウトする						
vocabulary	語彙 / Vocabulary	Practice Vocabulary lessons and units.	vocabulary-unit-74	Unit 74: Phrasal Verbs with Out and In	Practice vocabulary related to phrasal verbs with out and fixed expressions with in.	q2	multiple-choice	What does 「make out A[A out]」 mean?	Aを判読する	Aを見分ける	Aを解決する	Aを配る	Aの代わりに	Aに所属する	Aを励ます	Aに基づく	Aを判読する	Aを判読する;Aを見分ける	make out A[A out] = Aを判読する；Aを見分ける						
vocabulary	語彙 / Vocabulary	Practice Vocabulary lessons and units.	vocabulary-unit-74	Unit 74: Phrasal Verbs with Out and In	Practice vocabulary related to phrasal verbs with out and fixed expressions with in.	q3	multiple-choice	What does 「figure out A[A out]」 mean?	Aを解決する	Aを理解する	Aを指摘する	Aを使い古す	Aを求める	Aに同情する	Aに関連して	時代遅れの	Aを解決する	Aを解決する;Aを理解する	figure out A[A out] = Aを解決する；Aを理解する						
vocabulary	語彙 / Vocabulary	Practice Vocabulary lessons and units.	vocabulary-unit-74	Unit 74: Phrasal Verbs with Out and In	Practice vocabulary related to phrasal verbs with out and fixed expressions with in.	q4	multiple-choice	What does 「give out A[A out]」 mean?	Aを配る	Aを提出する	Aを判読する	Aを書き込む	Aを守る	Aに備えて	Aを心配している	最新の	Aを配る		give out A[A out] = Aを配る						
vocabulary	語彙 / Vocabulary	Practice Vocabulary lessons and units.	vocabulary-unit-74	Unit 74: Phrasal Verbs with Out and In	Practice vocabulary related to phrasal verbs with out and fixed expressions with in.	q5	multiple-choice	What does 「wear out A[A out]」 mean?	Aを使い古す	Aを疲れ果てさせる	Aを解決する	Aを配る	Aをひっくり返す	Aを見送る	Aに関連して	Aで混雑している	Aを使い古す	Aを使い古す;Aを疲れ果てさせる	wear out A[A out] = Aを使い古す；Aを疲れ果てさせる						
vocabulary	語彙 / Vocabulary	Practice Vocabulary lessons and units.	vocabulary-unit-74	Unit 74: Phrasal Verbs with Out and In	Practice vocabulary related to phrasal verbs with out and fixed expressions with in.	q6	multiple-choice	What does 「point out A[A out]」 mean?	Aを指摘する	Aを理解する	Aを配る	Aを書き込む	Aを遠ざけておく	Aに加えて	Aの場合には	結局	Aを指摘する		point out A[A out] = Aを指摘する						
vocabulary	語彙 / Vocabulary	Practice Vocabulary lessons and units.	vocabulary-unit-74	Unit 74: Phrasal Verbs with Out and In	Practice vocabulary related to phrasal verbs with out and fixed expressions with in.	q7	multiple-choice	What does 「believe in A」 mean?	Aの存在を信じる	Aの価値を信じる	Aに所属する	Aを指摘する	Aを卒業する	Aの代わりに	Aに基づく	やせる	Aの存在を信じる	Aの存在を信じる;Aの価値を信じる	believe in A = Aの存在を信じる；Aの価値を信じる						
vocabulary	語彙 / Vocabulary	Practice Vocabulary lessons and units.	vocabulary-unit-74	Unit 74: Phrasal Verbs with Out and In	Practice vocabulary related to phrasal verbs with out and fixed expressions with in.	q8	multiple-choice	What does 「hand in A[A in]」 mean?	Aを提出する	Aを書き込む	Aを配る	Aを判読する	Aに同情する	Aを求める	Aで満たされている	とりわけ	Aを提出する		hand in A[A in] = Aを提出する						
vocabulary	語彙 / Vocabulary	Practice Vocabulary lessons and units.	vocabulary-unit-74	Unit 74: Phrasal Verbs with Out and In	Practice vocabulary related to phrasal verbs with out and fixed expressions with in.	q9	multiple-choice	What does 「in place of A」 mean?	Aの代わりに	Aの場合には	Aに加えて	Aに関連して	Aにもかかわらず	Aを扱う	Aを書き込む	最新の	Aの代わりに		in place of A = Aの代わりに						
vocabulary	語彙 / Vocabulary	Practice Vocabulary lessons and units.	vocabulary-unit-74	Unit 74: Phrasal Verbs with Out and In	Practice vocabulary related to phrasal verbs with out and fixed expressions with in.	q10	multiple-choice	What does 「in case of A」 mean?	Aの場合には	Aに備えて	Aの代わりに	Aに加えて	Aに関係なく	Aを指摘する	Aを見分ける	晴れ上がる	Aの場合には	Aの場合には;Aに備えて	in case of A = Aの場合には；Aに備えて						
vocabulary	語彙 / Vocabulary	Practice Vocabulary lessons and units.	vocabulary-unit-74	Unit 74: Phrasal Verbs with Out and In	Practice vocabulary related to phrasal verbs with out and fixed expressions with in.	q11	multiple-choice	What does 「in addition to A」 mean?	Aに加えて	Aの場合には	Aに関連して	Aの代わりに	Aを解決する	Aを卒業する	Aを疲れ果てさせる	少なくとも	Aに加えて		in addition to A = Aに加えて						
vocabulary	語彙 / Vocabulary	Practice Vocabulary lessons and units.	vocabulary-unit-74	Unit 74: Phrasal Verbs with Out and In	Practice vocabulary related to phrasal verbs with out and fixed expressions with in.	q12	multiple-choice	What does 「in connection with A」 mean?	Aに関連して	Aに加えて	Aの場合には	Aの代わりに	Aを配る	Aを提出する	Aに固執する	やはり	Aに関連して		in connection with A = Aに関連して						
vocabulary	語彙 / Vocabulary	Practice Vocabulary lessons and units.	vocabulary-unit-75	Unit 75: Support, Dependence, and Limits	Practice vocabulary related to encouragement, dependence, focus, approximate amounts, timing, and limits.	q1	multiple-choice	What does 「clear up」 mean?	晴れ上がる	Aを解決する	Aを励ます	Aを頼る	Aに集中する	もはや〜でない	少なくとも	Aを提出する	晴れ上がる		clear up = 晴れ上がる						
vocabulary	語彙 / Vocabulary	Practice Vocabulary lessons and units.	vocabulary-unit-75	Unit 75: Support, Dependence, and Limits	Practice vocabulary related to encouragement, dependence, focus, approximate amounts, timing, and limits.	q2	multiple-choice	What does 「cheer up A[A up]」 mean?	Aを励ます	Aを元気づける	Aを頼る	Aに焦点を合わせる	Aを配る	Aを判読する	遅かれ早かれ	せいぜい	Aを励ます	Aを励ます;Aを元気づける	cheer up A[A up] = Aを励ます；Aを元気づける						
vocabulary	語彙 / Vocabulary	Practice Vocabulary lessons and units.	vocabulary-unit-75	Unit 75: Support, Dependence, and Limits	Practice vocabulary related to encouragement, dependence, focus, approximate amounts, timing, and limits.	q3	multiple-choice	What does 「depend on A」 mean?	A（人）を頼る	A次第である	Aに集中する	Aを見送る	Aを書き込む	大体	最新の	Aにもかかわらず	A（人）を頼る	A（人）を頼る;A次第である	depend on A = A（人）を頼る；A次第である						
vocabulary	語彙 / Vocabulary	Practice Vocabulary lessons and units.	vocabulary-unit-75	Unit 75: Support, Dependence, and Limits	Practice vocabulary related to encouragement, dependence, focus, approximate amounts, timing, and limits.	q4	multiple-choice	What does 「rely on A」 mean?	Aを頼る	Aを当てにする	Aを励ます	Aに所属する	Aを指摘する	多かれ少なかれ	少なくとも	晴れ上がる	Aを頼る	Aを頼る;Aを当てにする	rely on A = Aを頼る；Aを当てにする						
vocabulary	語彙 / Vocabulary	Practice Vocabulary lessons and units.	vocabulary-unit-75	Unit 75: Support, Dependence, and Limits	Practice vocabulary related to encouragement, dependence, focus, approximate amounts, timing, and limits.	q5	multiple-choice	What does 「count on A」 mean?	Aを頼りにする	Aを元気づける	Aに焦点を合わせる	Aを卒業する	Aを使い古す	いずれ	もはや〜でない	Aに基づく	Aを頼りにする		count on A = Aを頼りにする						
vocabulary	語彙 / Vocabulary	Practice Vocabulary lessons and units.	vocabulary-unit-75	Unit 75: Support, Dependence, and Limits	Practice vocabulary related to encouragement, dependence, focus, approximate amounts, timing, and limits.	q6	multiple-choice	What does 「focus on A」 mean?	Aに焦点を合わせる	Aに集中する	Aを頼る	Aを提出する	Aの代わりに	Aに関連して	時代遅れの	多くとも	Aに焦点を合わせる	Aに焦点を合わせる;Aに集中する	focus on A = Aに焦点を合わせる；Aに集中する						
vocabulary	語彙 / Vocabulary	Practice Vocabulary lessons and units.	vocabulary-unit-75	Unit 75: Support, Dependence, and Limits	Practice vocabulary related to encouragement, dependence, focus, approximate amounts, timing, and limits.	q7	multiple-choice	What does 「more or less」 mean?	多かれ少なかれ	大体	遅かれ早かれ	少なくとも	せいぜい	Aを励ます	Aに集中する	晴れ上がる	多かれ少なかれ	多かれ少なかれ;大体;ほとんど	more or less = ①多かれ少なかれ ②大体；ほとんど						
vocabulary	語彙 / Vocabulary	Practice Vocabulary lessons and units.	vocabulary-unit-75	Unit 75: Support, Dependence, and Limits	Practice vocabulary related to encouragement, dependence, focus, approximate amounts, timing, and limits.	q8	multiple-choice	What does 「sooner or later」 mean?	遅かれ早かれ	いずれ	多かれ少なかれ	もはや〜でない	最新の	Aを頼る	Aを指摘する	Aの場合には	遅かれ早かれ	遅かれ早かれ;いずれ	sooner or later = 遅かれ早かれ；いずれ						
vocabulary	語彙 / Vocabulary	Practice Vocabulary lessons and units.	vocabulary-unit-75	Unit 75: Support, Dependence, and Limits	Practice vocabulary related to encouragement, dependence, focus, approximate amounts, timing, and limits.	q9	multiple-choice	What does 「no longer」 mean?	もはや〜でない	少なくとも	多くとも	大体	Aを元気づける	Aを当てにする	Aを解決する	とりわけ	もはや〜でない		no longer = もはや〜でない						
vocabulary	語彙 / Vocabulary	Practice Vocabulary lessons and units.	vocabulary-unit-75	Unit 75: Support, Dependence, and Limits	Practice vocabulary related to encouragement, dependence, focus, approximate amounts, timing, and limits.	q10	multiple-choice	What does 「at least」 mean?	少なくとも	多くとも	せいぜい	いずれ	Aに焦点を合わせる	Aを頼りにする	Aを提出する	時代遅れの	少なくとも		at least = 少なくとも						
vocabulary	語彙 / Vocabulary	Practice Vocabulary lessons and units.	vocabulary-unit-75	Unit 75: Support, Dependence, and Limits	Practice vocabulary related to encouragement, dependence, focus, approximate amounts, timing, and limits.	q11	multiple-choice	What does 「at (the) most」 mean?	多くとも	せいぜい	少なくとも	遅かれ早かれ	Aを励ます	Aを頼る	Aを判読する	晴れ上がる	多くとも	多くとも;せいぜい	at (the) most = 多くとも；せいぜい						
vocabulary	語彙 / Vocabulary	Practice Vocabulary lessons and units.	vocabulary-unit-76	Unit 76: Cooperation, Change, Focus, and Meaning	Practice vocabulary related to cooperation, competition, capture and release, increase and decrease, focus, distraction, and multiple-meaning nouns and verbs.	q1	multiple-choice	What does 「cooperate」 mean?	協力する	競う	集中する	重要である	会社	物体	〜を解放する	増加	協力する		cooperate = 協力する						
vocabulary	語彙 / Vocabulary	Practice Vocabulary lessons and units.	vocabulary-unit-76	Unit 76: Cooperation, Change, Focus, and Meaning	Practice vocabulary related to cooperation, competition, capture and release, increase and decrease, focus, distraction, and multiple-meaning nouns and verbs.	q2	multiple-choice	What does 「compete」 mean?	競う	協力する	〜を捕える	〜を数える	仲間	対象	減少	集中力	競う	競う;競技会	compete = 競う；競技会						
vocabulary	語彙 / Vocabulary	Practice Vocabulary lessons and units.	vocabulary-unit-76	Unit 76: Cooperation, Change, Focus, and Meaning	Practice vocabulary related to cooperation, competition, capture and release, increase and decrease, focus, distraction, and multiple-meaning nouns and verbs.	q3	multiple-choice	What does 「capture」 mean?	〜を捕える	〜を解放する	〜を発売する	〜を増やす	競う	会社	点	集中する	〜を捕える		capture = 〜を捕える						
vocabulary	語彙 / Vocabulary	Practice Vocabulary lessons and units.	vocabulary-unit-76	Unit 76: Cooperation, Change, Focus, and Meaning	Practice vocabulary related to cooperation, competition, capture and release, increase and decrease, focus, distraction, and multiple-meaning nouns and verbs.	q4	multiple-choice	What does 「release」 mean?	〜を解放する	〜を発売する	協力する	〜を捕える	〜を減らす	重要である	物体	集中する	〜を解放する	〜を解放する;〜を自由にする;〜を発売する;〜を放つ	release = ①〜を解放する；〜を自由にする ②〜を発売する ③〜を放つ						
vocabulary	語彙 / Vocabulary	Practice Vocabulary lessons and units.	vocabulary-unit-76	Unit 76: Cooperation, Change, Focus, and Meaning	Practice vocabulary related to cooperation, competition, capture and release, increase and decrease, focus, distraction, and multiple-meaning nouns and verbs.	q5	multiple-choice	What does 「increase」 mean?	増える	〜を増やす	減る	〜を減らす	会社	集中する	対象	競う	増える	増える;〜を増やす;増加	increase = 増える；〜を増やす；増加						
vocabulary	語彙 / Vocabulary	Practice Vocabulary lessons and units.	vocabulary-unit-76	Unit 76: Cooperation, Change, Focus, and Meaning	Practice vocabulary related to cooperation, competition, capture and release, increase and decrease, focus, distraction, and multiple-meaning nouns and verbs.	q6	multiple-choice	What does 「decrease」 mean?	減る	〜を減らす	増える	〜を増やす	仲間	物体	競う	集中する	減る	減る;〜を減らす;減少	decrease = 減る；〜を減らす；減少						
vocabulary	語彙 / Vocabulary	Practice Vocabulary lessons and units.	vocabulary-unit-76	Unit 76: Cooperation, Change, Focus, and Meaning	Practice vocabulary related to cooperation, competition, capture and release, increase and decrease, focus, distraction, and multiple-meaning nouns and verbs.	q7	multiple-choice	What does 「concentrate」 mean?	集中する	協力する	競う	気を散らす	〜を数える	会社	増加	対象	集中する	集中する;集中;集中力	concentrate = 集中する；集中；集中力						
vocabulary	語彙 / Vocabulary	Practice Vocabulary lessons and units.	vocabulary-unit-76	Unit 76: Cooperation, Change, Focus, and Meaning	Practice vocabulary related to cooperation, competition, capture and release, increase and decrease, focus, distraction, and multiple-meaning nouns and verbs.	q8	multiple-choice	What does 「distract」 mean?	注意をそらす	気を散らす物	集中する	協力する	〜を捕える	減少	会社	点	注意をそらす	注意をそらす;気を散らす;気を散らす物	distract = 注意をそらす；気を散らす；気を散らす物						
vocabulary	語彙 / Vocabulary	Practice Vocabulary lessons and units.	vocabulary-unit-76	Unit 76: Cooperation, Change, Focus, and Meaning	Practice vocabulary related to cooperation, competition, capture and release, increase and decrease, focus, distraction, and multiple-meaning nouns and verbs.	q9	multiple-choice	What does 「company」 mean?	仲間	会社	物体	対象	競技会	集中力	〜を解放する	減る	仲間	仲間;会社	company = ①仲間 ②会社						
vocabulary	語彙 / Vocabulary	Practice Vocabulary lessons and units.	vocabulary-unit-76	Unit 76: Cooperation, Change, Focus, and Meaning	Practice vocabulary related to cooperation, competition, capture and release, increase and decrease, focus, distraction, and multiple-meaning nouns and verbs.	q10	multiple-choice	What does 「respect」 mean?	点	〜を尊敬する	対象	物体	協力する	〜を減らす	集中する	増加	点	点;〜を尊敬する	respect = ①点 ②〜を尊敬する						
vocabulary	語彙 / Vocabulary	Practice Vocabulary lessons and units.	vocabulary-unit-76	Unit 76: Cooperation, Change, Focus, and Meaning	Practice vocabulary related to cooperation, competition, capture and release, increase and decrease, focus, distraction, and multiple-meaning nouns and verbs.	q11	multiple-choice	What does 「object」 mean?	物体	対象	会社	点	協力する	〜を捕える	減少	集中力	物体	物体;対象;反対する	object = ①物体 ②対象；反対する						
vocabulary	語彙 / Vocabulary	Practice Vocabulary lessons and units.	vocabulary-unit-76	Unit 76: Cooperation, Change, Focus, and Meaning	Practice vocabulary related to cooperation, competition, capture and release, increase and decrease, focus, distraction, and multiple-meaning nouns and verbs.	q12	multiple-choice	What does 「count」 mean?	重要である	〜を数える	協力する	競う	会社	対象	増加	集中する	重要である	重要である;〜を数える	count = ①重要である ②〜を数える						
vocabulary	語彙 / Vocabulary	Practice Vocabulary lessons and units.	vocabulary-unit-77	Unit 77: Encouragement, Change, Escape, and Reflection	Practice vocabulary related to encouragement, certainty, possibility, enrichment, qualification, worsening, fear, escape, searching, and reflection.	q1	multiple-choice	What does 「encourage」 mean?	〜するよう勧める	〜を励ます	〜を確実にする	〜を可能にする	〜を豊かにする	協力する	重要である	物体	〜するよう勧める	〜するよう勧める;〜を励ます;激励	encourage = 〜するよう勧める；〜を励ます；激励						
vocabulary	語彙 / Vocabulary	Practice Vocabulary lessons and units.	vocabulary-unit-77	Unit 77: Encouragement, Change, Escape, and Reflection	Practice vocabulary related to encouragement, certainty, possibility, enrichment, qualification, worsening, fear, escape, searching, and reflection.	q2	multiple-choice	What does 「ensure」 mean?	〜を確実にする	〜を励ます	〜を可能にする	〜を豊かにする	競う	会社	増加	対象	〜を確実にする		ensure = 〜を確実にする						
vocabulary	語彙 / Vocabulary	Practice Vocabulary lessons and units.	vocabulary-unit-77	Unit 77: Encouragement, Change, Escape, and Reflection	Practice vocabulary related to encouragement, certainty, possibility, enrichment, qualification, worsening, fear, escape, searching, and reflection.	q3	multiple-choice	What does 「enable」 mean?	〜を可能にする	〜を確実にする	〜を励ます	〜に資格を与える	集中する	減少	仲間	点	〜を可能にする	〜を可能にする;〜できるようにする	enable = 〜を可能にする；〜できるようにする						
vocabulary	語彙 / Vocabulary	Practice Vocabulary lessons and units.	vocabulary-unit-77	Unit 77: Encouragement, Change, Escape, and Reflection	Practice vocabulary related to encouragement, certainty, possibility, enrichment, qualification, worsening, fear, escape, searching, and reflection.	q4	multiple-choice	What does 「enrich」 mean?	〜を豊かにする	〜を確実にする	〜を可能にする	〜を怖がらせる	協力する	対象	増加	物体	〜を豊かにする		enrich = 〜を豊かにする						
vocabulary	語彙 / Vocabulary	Practice Vocabulary lessons and units.	vocabulary-unit-77	Unit 77: Encouragement, Change, Escape, and Reflection	Practice vocabulary related to encouragement, certainty, possibility, enrichment, qualification, worsening, fear, escape, searching, and reflection.	q5	multiple-choice	What does 「entitle」 mean?	〜に資格を与える	〜を豊かにする	〜するよう勧める	〜を確実にする	会社	集中力	減る	競う	〜に資格を与える		entitle = 〜に資格を与える						
vocabulary	語彙 / Vocabulary	Practice Vocabulary lessons and units.	vocabulary-unit-77	Unit 77: Encouragement, Change, Escape, and Reflection	Practice vocabulary related to encouragement, certainty, possibility, enrichment, qualification, worsening, fear, escape, searching, and reflection.	q6	multiple-choice	What does 「worsen」 mean?	さらに悪くなる	〜をさらに悪くする	〜を豊かにする	〜を可能にする	協力する	増加	物体	集中する	さらに悪くなる	さらに悪くなる;〜をさらに悪くする	worsen = さらに悪くなる；〜をさらに悪くする						
vocabulary	語彙 / Vocabulary	Practice Vocabulary lessons and units.	vocabulary-unit-77	Unit 77: Encouragement, Change, Escape, and Reflection	Practice vocabulary related to encouragement, certainty, possibility, enrichment, qualification, worsening, fear, escape, searching, and reflection.	q7	multiple-choice	What does 「frighten」 mean?	〜を怖がらせる	〜を励ます	〜を確実にする	逃げる	仲間	会社	重要である	増加	〜を怖がらせる	〜を怖がらせる;恐ろしい	frighten = 〜を怖がらせる；恐ろしい						
vocabulary	語彙 / Vocabulary	Practice Vocabulary lessons and units.	vocabulary-unit-77	Unit 77: Encouragement, Change, Escape, and Reflection	Practice vocabulary related to encouragement, certainty, possibility, enrichment, qualification, worsening, fear, escape, searching, and reflection.	q8	multiple-choice	What does 「escape」 mean?	〜をまぬがれる	逃げる	〜を捜索する	〜を反射する	〜を励ます	減少	対象	効果的な	〜をまぬがれる	〜をまぬがれる;逃げる	escape = 〜をまぬがれる；逃げる						
vocabulary	語彙 / Vocabulary	Practice Vocabulary lessons and units.	vocabulary-unit-77	Unit 77: Encouragement, Change, Escape, and Reflection	Practice vocabulary related to encouragement, certainty, possibility, enrichment, qualification, worsening, fear, escape, searching, and reflection.	q9	multiple-choice	What does 「search」 mean?	〜を捜索する	〜を探す	〜をまぬがれる	〜を反射する	〜を確実にする	協力する	点	集中力	〜を捜索する	〜を捜索する;〜を探す	search = 〜を捜索する；〜を探す						
vocabulary	語彙 / Vocabulary	Practice Vocabulary lessons and units.	vocabulary-unit-77	Unit 77: Encouragement, Change, Escape, and Reflection	Practice vocabulary related to encouragement, certainty, possibility, enrichment, qualification, worsening, fear, escape, searching, and reflection.	q10	multiple-choice	What does 「reflect」 mean?	〜を反射する	〜を熟考する	〜を捜索する	〜を豊かにする	〜に資格を与える	競う	物体	増加	〜を反射する	〜を映す;〜を反射する;〜を熟考する;映像;反射;熟考	reflect = ①〜を映す；〜を反射する ②〜を熟考する ③映像；反射；熟考						
vocabulary	語彙 / Vocabulary	Practice Vocabulary lessons and units.	vocabulary-unit-78	Unit 78: Preservation, Recognition, Difference, and Attention	Practice vocabulary related to preserving, observing, admitting, differences, senses, direction, attention, and attraction.	q1	multiple-choice	What does 「preserve」 mean?	〜を保存する	〜を保つ	〜を観察する	〜を認める	方向	注意	大声で叫ぶ	変数	〜を保存する	〜を保存する;〜を保つ;保存	preserve = 〜を保存する；〜を保つ；保存						
vocabulary	語彙 / Vocabulary	Practice Vocabulary lessons and units.	vocabulary-unit-78	Unit 78: Preservation, Recognition, Difference, and Attention	Practice vocabulary related to preserving, observing, admitting, differences, senses, direction, attention, and attraction.	q2	multiple-choice	What does 「conserve」 mean?	〜を保全する	保護	〜に値する	〜を引き付ける	感覚	変数	入場	大声で叫ぶ	〜を保全する	〜を保全する;保護	conserve = 〜を保全する；保護						
vocabulary	語彙 / Vocabulary	Practice Vocabulary lessons and units.	vocabulary-unit-78	Unit 78: Preservation, Recognition, Difference, and Attention	Practice vocabulary related to preserving, observing, admitting, differences, senses, direction, attention, and attraction.	q3	multiple-choice	What does 「observe」 mean?	〜を観察する	〜に気づく	〜を認める	異なる	方向	関心	保存	叫び声	〜を観察する	〜を観察する;〜に気づく;〜を守る;観察	observe = ①〜を観察する；〜に気づく ②〜を守る；観察						
vocabulary	語彙 / Vocabulary	Practice Vocabulary lessons and units.	vocabulary-unit-78	Unit 78: Preservation, Recognition, Difference, and Attention	Practice vocabulary related to preserving, observing, admitting, differences, senses, direction, attention, and attraction.	q4	multiple-choice	What does 「deserve」 mean?	〜に値する	〜を認める	〜を保つ	〜を引き付ける	違い	五感	指示	叫び声	〜に値する	〜に値する;〜するに値する	deserve = 〜に値する；〜するに値する						
vocabulary	語彙 / Vocabulary	Practice Vocabulary lessons and units.	vocabulary-unit-78	Unit 78: Preservation, Recognition, Difference, and Attention	Practice vocabulary related to preserving, observing, admitting, differences, senses, direction, attention, and attraction.	q5	multiple-choice	What does 「admit」 mean?	〜を認める	入場を認める	〜を観察する	〜を保全する	変化する	方向	注意力	大評判	〜を認める	〜を認める;入場を認める;入学を認める;入場;入学	admit = ①〜を認める ②入場・入学を認める；入場；入学						
vocabulary	語彙 / Vocabulary	Practice Vocabulary lessons and units.	vocabulary-unit-78	Unit 78: Preservation, Recognition, Difference, and Attention	Practice vocabulary related to preserving, observing, admitting, differences, senses, direction, attention, and attraction.	q6	multiple-choice	What does 「acknowledge」 mean?	〜を認める	承認	〜に値する	〜を保存する	異なる	感覚	関心	叫び声	〜を認める	〜を認める;承認	acknowledge = 〜を認める；承認						
vocabulary	語彙 / Vocabulary	Practice Vocabulary lessons and units.	vocabulary-unit-78	Unit 78: Preservation, Recognition, Difference, and Attention	Practice vocabulary related to preserving, observing, admitting, differences, senses, direction, attention, and attraction.	q7	multiple-choice	What does 「differ」 mean?	異なる	違い	変動する	〜を守る	〜を引き付ける	入学	五感	保存	異なる	異なる;違い;相違点	differ = 異なる；違い；相違点						
vocabulary	語彙 / Vocabulary	Practice Vocabulary lessons and units.	vocabulary-unit-78	Unit 78: Preservation, Recognition, Difference, and Attention	Practice vocabulary related to preserving, observing, admitting, differences, senses, direction, attention, and attraction.	q8	multiple-choice	What does 「vary」 mean?	異なる	変動する	〜を認める	〜を保全する	方向	注意	大声で叫ぶ	保存	異なる	異なる;変動する;変化する;変数	vary = 異なる；変動する；変化する；変数						
vocabulary	語彙 / Vocabulary	Practice Vocabulary lessons and units.	vocabulary-unit-78	Unit 78: Preservation, Recognition, Difference, and Attention	Practice vocabulary related to preserving, observing, admitting, differences, senses, direction, attention, and attraction.	q9	multiple-choice	What does 「sense」 mean?	感覚	五感	方向	注意力	関心	〜を引き付ける	入場	叫び声	感覚	感覚;五感;大評判	sense = 感覚；五感；大評判						
vocabulary	語彙 / Vocabulary	Practice Vocabulary lessons and units.	vocabulary-unit-78	Unit 78: Preservation, Recognition, Difference, and Attention	Practice vocabulary related to preserving, observing, admitting, differences, senses, direction, attention, and attraction.	q10	multiple-choice	What does 「direction」 mean?	方向	指示	感覚	注意	違い	〜を保存する	承認	叫び声	方向	方向;指示	direction = ①方向 ②指示						
vocabulary	語彙 / Vocabulary	Practice Vocabulary lessons and units.	vocabulary-unit-78	Unit 78: Preservation, Recognition, Difference, and Attention	Practice vocabulary related to preserving, observing, admitting, differences, senses, direction, attention, and attraction.	q11	multiple-choice	What does 「attract」 mean?	〜を引き付ける	魅力	〜を認める	〜を守る	変数	方向	入学	大声で叫ぶ	〜を引き付ける	〜を引き付ける;魅力	attract = 〜を引き付ける；魅力						
vocabulary	語彙 / Vocabulary	Practice Vocabulary lessons and units.	vocabulary-unit-78	Unit 78: Preservation, Recognition, Difference, and Attention	Practice vocabulary related to preserving, observing, admitting, differences, senses, direction, attention, and attraction.	q12	multiple-choice	What does 「attention」 mean?	注意	注意力	感覚	方向	〜に値する	保護	叫び声	保存	注意	注意;注意力;関心	attention = 注意；注意力；関心						
vocabulary	語彙 / Vocabulary	Practice Vocabulary lessons and units.	vocabulary-unit-79	Unit 79: Conflict, Change, and Outcomes	Practice vocabulary related to shouting, solving problems, expansion, destruction, gaining, meeting difficulties, and confrontation.	q1	multiple-choice	What does 「yell」 mean?	大声で叫ぶ	叫び声	〜を拡大する	〜を破壊する	感覚	方向	〜に直面する	広範囲の	大声で叫ぶ	大声で叫ぶ;叫び声	yell = 大声で叫ぶ；叫び声						
vocabulary	語彙 / Vocabulary	Practice Vocabulary lessons and units.	vocabulary-unit-79	Unit 79: Conflict, Change, and Outcomes	Practice vocabulary related to shouting, solving problems, expansion, destruction, gaining, meeting difficulties, and confrontation.	q2	multiple-choice	What does 「scream」 mean?	悲鳴を上げる	悲鳴	〜を解く	崩壊	決意	大規模な	〜を手に入れる	保存	悲鳴を上げる	悲鳴を上げる;悲鳴	scream = 悲鳴を上げる；悲鳴						
vocabulary	語彙 / Vocabulary	Practice Vocabulary lessons and units.	vocabulary-unit-79	Unit 79: Conflict, Change, and Outcomes	Practice vocabulary related to shouting, solving problems, expansion, destruction, gaining, meeting difficulties, and confrontation.	q3	multiple-choice	What does 「solve」 mean?	〜を解決する	〜を解く	大声で叫ぶ	〜を延長する	崩れ落ちる	〜を獲得する	方向	注意	〜を解決する	〜を解決する;〜を解く;解決;解決策	solve = 〜を解決する；〜を解く；解決策						
vocabulary	語彙 / Vocabulary	Practice Vocabulary lessons and units.	vocabulary-unit-79	Unit 79: Conflict, Change, and Outcomes	Practice vocabulary related to shouting, solving problems, expansion, destruction, gaining, meeting difficulties, and confrontation.	q4	multiple-choice	What does 「resolve」 mean?	〜を解決する	〜を決心する	悲鳴を上げる	〜を拡大する	崩壊	〜を手に入れる	感覚	保護	〜を解決する	〜を解決する;〜を決心する;決議;解決;解決策;決意	resolve = ①〜を解決する ②〜を決心する；決議；解決策；決意						
vocabulary	語彙 / Vocabulary	Practice Vocabulary lessons and units.	vocabulary-unit-79	Unit 79: Conflict, Change, and Outcomes	Practice vocabulary related to shouting, solving problems, expansion, destruction, gaining, meeting difficulties, and confrontation.	q5	multiple-choice	What does 「extend」 mean?	〜を延長する	〜を拡大する	大声で叫ぶ	〜を破壊する	悲鳴	方向	注意	保存	〜を延長する	〜を延長する;〜を拡大する;延長;拡張;広範囲の;大規模な	extend = 〜を延長する；〜を拡大する；延長；拡張						
vocabulary	語彙 / Vocabulary	Practice Vocabulary lessons and units.	vocabulary-unit-79	Unit 79: Conflict, Change, and Outcomes	Practice vocabulary related to shouting, solving problems, expansion, destruction, gaining, meeting difficulties, and confrontation.	q6	multiple-choice	What does 「expand」 mean?	〜を拡大する	膨張する	〜を解決する	決意	崩れ落ちる	叫び声	感覚	会社	〜を拡大する	〜を拡大する;膨張する;膨張;拡大	expand = 〜を拡大する；膨張する；膨張；拡大						
vocabulary	語彙 / Vocabulary	Practice Vocabulary lessons and units.	vocabulary-unit-79	Unit 79: Conflict, Change, and Outcomes	Practice vocabulary related to shouting, solving problems, expansion, destruction, gaining, meeting difficulties, and confrontation.	q7	multiple-choice	What does 「destroy」 mean?	〜を破壊する	破壊	〜を延長する	〜を認める	大声で叫ぶ	方向	注意	〜を獲得する	〜を破壊する	〜を破壊する;破壊;破壊的な	destroy = 〜を破壊する；破壊；破壊的な						
vocabulary	語彙 / Vocabulary	Practice Vocabulary lessons and units.	vocabulary-unit-79	Unit 79: Conflict, Change, and Outcomes	Practice vocabulary related to shouting, solving problems, expansion, destruction, gaining, meeting difficulties, and confrontation.	q8	multiple-choice	What does 「collapse」 mean?	崩れ落ちる	崩壊	悲鳴を上げる	〜を拡大する	決議	方向	感覚	〜を手に入れる	崩れ落ちる	崩れ落ちる;崩壊	collapse = 崩れ落ちる；崩壊						
vocabulary	語彙 / Vocabulary	Practice Vocabulary lessons and units.	vocabulary-unit-79	Unit 79: Conflict, Change, and Outcomes	Practice vocabulary related to shouting, solving problems, expansion, destruction, gaining, meeting difficulties, and confrontation.	q9	multiple-choice	What does 「gain」 mean?	〜を獲得する	〜を増す	〜を解決する	崩壊	大声で叫ぶ	注意	〜に立ち向かう	保存	〜を獲得する	〜を手に入れる;〜を獲得する;〜を増す	gain = ①〜を手に入れる；〜を獲得する ②〜を増す						
vocabulary	語彙 / Vocabulary	Practice Vocabulary lessons and units.	vocabulary-unit-79	Unit 79: Conflict, Change, and Outcomes	Practice vocabulary related to shouting, solving problems, expansion, destruction, gaining, meeting difficulties, and confrontation.	q10	multiple-choice	What does 「obtain」 mean?	〜を手に入れる	〜を獲得する	〜を延長する	悲鳴	崩れ落ちる	方向	注意	〜を認める	〜を手に入れる	〜を手に入れる;〜を獲得する	obtain = 〜を手に入れる；〜を獲得する						
vocabulary	語彙 / Vocabulary	Practice Vocabulary lessons and units.	vocabulary-unit-79	Unit 79: Conflict, Change, and Outcomes	Practice vocabulary related to shouting, solving problems, expansion, destruction, gaining, meeting difficulties, and confrontation.	q11	multiple-choice	What does 「encounter」 mean?	〜に直面する	〜に出会う	〜を解く	大声で叫ぶ	膨張する	崩壊	保存	感覚	〜に直面する	〜に直面する;〜に出会う	encounter = ①〜に直面する ②〜に出会う						
vocabulary	語彙 / Vocabulary	Practice Vocabulary lessons and units.	vocabulary-unit-79	Unit 79: Conflict, Change, and Outcomes	Practice vocabulary related to shouting, solving problems, expansion, destruction, gaining, meeting difficulties, and confrontation.	q12	multiple-choice	What does 「confront」 mean?	〜に立ちはだかる	〜に立ち向かう	〜を獲得する	〜を破壊する	大声で叫ぶ	方向	注意	決意	〜に立ちはだかる	〜に立ちはだかる;〜に立ち向かう	confront = ①〜に立ちはだかる ②〜に立ち向かう						
vocabulary	語彙 / Vocabulary	Practice Vocabulary lessons and units.	vocabulary-unit-80	Unit 80: Offering, Obligation, and Emphasis Adverbs	Practice vocabulary related to offering, owing, sparing, emphasis, certainty, probability, hope, and unfortunate situations.	q1	multiple-choice	What does 「offer」 mean?	〜を提供する	申し出る	〜を借りている	〜を割く	特に	おそらく	絶対に	不運にも	〜を提供する	〜を提供する;提供;申し出る;申し出	offer = ①〜を提供する ②提供；申し出る；申し出						
vocabulary	語彙 / Vocabulary	Practice Vocabulary lessons and units.	vocabulary-unit-80	Unit 80: Offering, Obligation, and Emphasis Adverbs	Practice vocabulary related to offering, owing, sparing, emphasis, certainty, probability, hope, and unfortunate situations.	q2	multiple-choice	What does 「owe」 mean?	AにBを借りている	恩義がある	〜を提供する	余分の	正確に	全く	願わくば	幸運にも	AにBを借りている	AにBを借りている;恩義がある	owe = AにBを借りている；恩義がある						
vocabulary	語彙 / Vocabulary	Practice Vocabulary lessons and units.	vocabulary-unit-80	Unit 80: Offering, Obligation, and Emphasis Adverbs	Practice vocabulary related to offering, owing, sparing, emphasis, certainty, probability, hope, and unfortunate situations.	q3	multiple-choice	What does 「spare」 mean?	AにBを割く	余分の	申し出る	恩義がある	とりわけ	間違いなく	おそらく	望み通りに	AにBを割く	AにBを割く;惜しむ;余分の	spare = ①AにBを割く ②惜しむ；余分の						
vocabulary	語彙 / Vocabulary	Practice Vocabulary lessons and units.	vocabulary-unit-80	Unit 80: Offering, Obligation, and Emphasis Adverbs	Practice vocabulary related to offering, owing, sparing, emphasis, certainty, probability, hope, and unfortunate situations.	q4	multiple-choice	What does 「especially」 mean?	特に	とりわけ	確実に	まさに	全体として	不運にも	提供	余分の	特に	特に;とりわけ	especially = 特に；とりわけ						
vocabulary	語彙 / Vocabulary	Practice Vocabulary lessons and units.	vocabulary-unit-80	Unit 80: Offering, Obligation, and Emphasis Adverbs	Practice vocabulary related to offering, owing, sparing, emphasis, certainty, probability, hope, and unfortunate situations.	q5	multiple-choice	What does 「particularly」 mean?	特に	とりわけ	間違いなく	正確に	絶対的な	おそらく	申し出	恩義がある	特に	特に;とりわけ;in particular	particularly = 特に；とりわけ；in particular						
vocabulary	語彙 / Vocabulary	Practice Vocabulary lessons and units.	vocabulary-unit-80	Unit 80: Offering, Obligation, and Emphasis Adverbs	Practice vocabulary related to offering, owing, sparing, emphasis, certainty, probability, hope, and unfortunate situations.	q6	multiple-choice	What does 「definitely」 mean?	確実に	間違いなく	特に	正確に	全く	願わくば	余分の	提供	確実に	確実に;間違いなく	definitely = 確実に；間違いなく						
vocabulary	語彙 / Vocabulary	Practice Vocabulary lessons and units.	vocabulary-unit-80	Unit 80: Offering, Obligation, and Emphasis Adverbs	Practice vocabulary related to offering, owing, sparing, emphasis, certainty, probability, hope, and unfortunate situations.	q7	multiple-choice	What does 「precisely」 mean?	まさに	正確に	おそらく	不運にも	特に	恩義がある	申し出る	余分の	まさに	まさに;正確に;exactly	precisely = まさに；正確に；exactly						
vocabulary	語彙 / Vocabulary	Practice Vocabulary lessons and units.	vocabulary-unit-80	Unit 80: Offering, Obligation, and Emphasis Adverbs	Practice vocabulary related to offering, owing, sparing, emphasis, certainty, probability, hope, and unfortunate situations.	q8	multiple-choice	What does 「absolutely」 mean?	絶対に	全く	おそらく	願わくば	正確に	提供	惜しむ	幸運にも	絶対に	絶対に;全く	absolutely = 絶対に；全く						
vocabulary	語彙 / Vocabulary	Practice Vocabulary lessons and units.	vocabulary-unit-80	Unit 80: Offering, Obligation, and Emphasis Adverbs	Practice vocabulary related to offering, owing, sparing, emphasis, certainty, probability, hope, and unfortunate situations.	q9	multiple-choice	What does 「entirely」 mean?	全体として	全く	特に	確実に	不運にも	申し出	恩義がある	余分の	全体として	全体として;全く	entirely = 全体として；全く						
vocabulary	語彙 / Vocabulary	Practice Vocabulary lessons and units.	vocabulary-unit-80	Unit 80: Offering, Obligation, and Emphasis Adverbs	Practice vocabulary related to offering, owing, sparing, emphasis, certainty, probability, hope, and unfortunate situations.	q10	multiple-choice	What does 「probably」 mean?	おそらく	確率	間違いなく	まさに	望み通りに	提供	惜しむ	絶対的な	おそらく	おそらく	probably = おそらく						
vocabulary	語彙 / Vocabulary	Practice Vocabulary lessons and units.	vocabulary-unit-80	Unit 80: Offering, Obligation, and Emphasis Adverbs	Practice vocabulary related to offering, owing, sparing, emphasis, certainty, probability, hope, and unfortunate situations.	q11	multiple-choice	What does 「hopefully」 mean?	願わくば	望み通りに	不運にも	幸運にも	おそらく	正確に	恩義がある	余分の	願わくば	願わくば;望み通りに	hopefully = ①願わくば ②望み通りに						
vocabulary	語彙 / Vocabulary	Practice Vocabulary lessons and units.	vocabulary-unit-80	Unit 80: Offering, Obligation, and Emphasis Adverbs	Practice vocabulary related to offering, owing, sparing, emphasis, certainty, probability, hope, and unfortunate situations.	q12	multiple-choice	What does 「unfortunately」 mean?	不運にも	幸運にも	願わくば	おそらく	全く	提供	申し出る	余分の	不運にも		unfortunately = 不運にも						
